NodeCount,PathLength,CompileTime,KeyGenerationTime,EncryptionTime,ExecutionTime,DecryptionTime,ReferenceExecutionTime,Mse
36,0,0.2224970012321137,51.07442999906198,21.732056000473676,3.976456999225775,11.654689000351937,2.4708809996809578,1.3583850897945308e-09
36,1,0.21601099979307037,29.05156800079567,21.658371999365045,3.6827749991061864,11.72189899989462,2.391300999079249,1.0077505818179888e-09
36,2,0.20689899974968284,28.82866800064221,21.899207000387833,3.81159700009448,11.598262000916293,2.568118001363473,7.353357030686018e-10
36,3,0.2266550000058487,28.685507000773214,21.541591000641347,3.5218950015405426,11.500759999762522,2.1969179997540778,1.0884861147781942e-09
36,4,0.2076620003208518,29.864037000152166,23.322237999309436,4.11183100004564,16.021130999433808,3.9424880014848895,1.5170606377862228e-09
36,5,0.4389410005387617,34.70142600053805,21.894452000196907,3.6704459998873062,11.413449999963632,2.1765929996035993,6.262448128589781e-10
36,6,0.1999750002141809,29.055040000457666,26.228142000036314,3.8177679998625536,11.441351000030409,2.1654419997503283,7.07398588591117e-10
36,7,0.2011480009969091,29.854169999453006,21.557517000474036,3.5918369994760724,11.318607999783126,2.1422469999379246,9.302140234732267e-10
36,8,0.20495600074355025,27.891550000276766,21.58560699899681,3.5261830016679596,11.570168000616832,2.1822510007041274,6.7734247457596e-10
36,9,0.24661199859110638,28.752089998306474,21.502994000911713,3.5453229993436253,11.370026999429683,2.1878689985896926,3.827917651452876e-09
36,10,0.21064999964437447,28.954653000255348,22.296604000075604,3.4734720011329046,11.263589000009233,2.132133000486647,6.368986681062116e-10
36,11,0.19333800082677044,30.39289400112466,21.944871001323918,3.5677599989867304,11.591735999900266,2.2308000006887596,8.537527973172634e-10
36,12,0.20101799964322709,30.780473998675006,21.809603998917737,3.7178669990680646,12.109918001442566,2.4268409997603158,6.507508847598891e-10
36,13,0.19987999985460192,29.03885700106912,21.663243000148213,3.887372000463074,11.180581999724382,2.135536000423599,1.3211853739284225e-09
36,14,0.19783599964284804,30.197134999980335,22.4944730016432,3.8087570010247873,11.406333000195445,2.146819999325089,1.746854763232586e-09
36,15,0.21239200032141525,30.162528999426286,22.48961000077543,3.6824649996560765,11.345971999617177,2.1449390005727764,5.912395864792705e-10
36,16,0.2316089994565118,29.123353999239043,21.75911999984237,3.5319849994266406,11.340547000145307,2.159370000299532,6.549921571066392e-10
36,17,0.23235700064105913,45.67802600104187,23.974711000846582,3.5422210003162036,11.517182998431963,2.3649120012123603,1.3309204335144555e-09
36,18,0.20982899877708405,28.767181000148412,21.478691000083927,3.7105370010976912,11.599962001128006,2.1563449990935624,2.5454795396374697e-09
36,19,0.2694019985938212,28.377982998790685,22.70060699993337,3.610727000705083,12.269384998944588,2.2761919990443857,2.218089768591436e-09
36,20,0.41789599890762474,40.86422299951664,21.119258999533486,3.5496180007612566,11.23946900042938,2.092520000587683,1.6014197109756645e-09
36,21,0.20805199892492965,30.592486000386998,22.547470998688368,3.8835340001242002,11.611580999669968,2.1690809990104754,1.052103931457822e-09
36,22,0.2645469994604355,28.819389001000673,22.566130999621237,4.0142510006262455,11.57889900059672,2.22806599958858,1.6282196721038052e-09
36,23,0.23879699983808678,29.288036999787437,22.13757100071234,3.6369019999256125,11.654317000648007,2.2739030009688577,2.415837224417094e-09
36,24,0.20234000112395734,30.63819999988482,22.13586199832207,3.5573559998738347,12.691955000263988,2.920894999988377,2.4642035219722403e-09
36,25,0.20407199917826802,32.23456200066721,22.849629998745513,3.8728519994037924,12.177003000033437,2.3206309997476637,6.918023978258114e-10
36,26,0.24097599998640362,29.556952000348247,23.051824000503984,3.76643200070248,12.068530999385985,2.3547789987787837,6.263243145738037e-10
36,27,0.20420699911483098,29.143591000320157,22.734747999493266,3.873035999276908,12.011121998511953,2.2863760004838696,1.890920138698759e-09
36,28,0.23094099924492184,29.14874499947473,22.400694000680232,3.5697139992407756,11.669749999782653,2.18426100036595,7.087880890209035e-10
36,29,0.2022259996010689,29.3661539999448,24.176420000003418,3.8753799999540206,12.22579499881249,2.3878520005382597,4.785557988780804e-09
36,30,0.20376400061650202,34.601227000166546,33.45300699947984,5.004159000236541,14.272684999014018,2.4125830004777526,9.016818389654033e-10
36,31,0.20535499970719684,30.201931000192417,23.612901000888087,4.05007100016519,12.220521000926965,2.3294120001082774,1.0403907174706594e-09
36,32,0.20673899962275755,28.28151500034437,23.19474199975957,4.226343999107485,20.001823000711738,5.169252999621676,5.947864557078485e-10
36,33,1.2540970001282403,60.61506700098107,28.14161100104684,3.9687039989075856,12.684262001130264,2.472823000061908,6.346466668093624e-10
36,34,0.2033340006164508,27.409430000261636,22.132120000605937,3.8797279994469136,11.511876999065862,2.3103870007616933,8.201404029339535e-10
36,35,0.19923900072171818,29.386483000052976,22.6883680006722,3.801855000347132,26.38449599908199,7.36621699979878,1.4583103589838527e-09
36,36,0.18668399934540503,42.046002999995835,25.160054001389653,3.763083999729133,18.254914999488392,5.250494999927469,2.0141070452317207e-09
36,37,0.37200800034042913,37.318515998777,25.14339099980134,3.7911370000074385,11.972727999818744,3.157524999551242,1.958886168302045e-09
36,38,0.254193999353447,28.911384000821272,22.229320000406005,3.5444389995973324,11.738682000213885,2.2259449997363845,8.253229317989629e-10
36,39,0.18931399972643703,27.972917998340563,21.755797999503557,3.6068059998797253,11.972592999882181,2.277415998833021,2.660812453180376e-09
36,40,0.19068399888055865,27.67940100056876,21.455998999954318,3.5216050000599353,11.682676999043906,2.248662000056356,1.0045624841587278e-09
36,41,0.22036200061847921,27.3368650014163,22.209188999113394,3.5617639987322036,11.67130399880989,2.1850009998161113,2.21769304996674e-09
36,42,0.31252100052370224,29.03351900022244,22.90022899978794,3.843297999992501,11.888189999808674,2.388722001342103,6.820087398607232e-10
36,43,0.3025459991476964,28.488142999776755,21.993304000716307,3.886919999786187,11.45965899922885,2.4248949994216673,3.6958183660885277e-09
36,44,0.2024120003625285,28.113053000197397,21.375176998844836,3.6800329999095993,11.550223998710862,3.4597920002852334,6.905292270802574e-09
36,45,0.25388099857082125,34.695928001383436,22.47143599925039,3.6675520004791906,11.31702599923301,2.2597089991904795,6.28275173540354e-10
36,46,0.25250900034734514,28.338437999991584,22.09533000132069,3.6496499997156207,11.851630000819569,2.238652001324226,2.4753065562049423e-09
36,47,0.209198000447941,28.264763999686693,31.1776380003721,5.372354000428459,14.399411000340478,2.6388520000182325,9.55776327206288e-10
36,48,0.23120900004869327,35.29678700033401,25.887653999234317,5.113141000038013,16.33478199983074,3.1526910006505204,8.058406585775107e-10
36,49,0.30295599935925566,32.952616000329726,24.468024999805493,4.335830000854912,12.771760999385151,2.451029999065213,1.0933127082474865e-09
36,50,0.24384399875998497,28.744332999849576,24.49067800080229,4.586895000102231,12.397999998938758,2.438450001136516,8.856950099937196e-10
36,51,0.23799600057827774,30.39453000019421,23.75865100111696,3.9803009985917015,12.418453999998746,2.7068109993706457,6.631920733828882e-10
36,52,0.21794599888380617,29.732335000517196,23.831063001125585,4.531887001576251,12.320325999098714,2.5206739992427174,5.520359741666588e-10
36,53,0.25199099945893977,31.952931998603162,24.88767400063807,4.673223000281723,12.885158001154196,2.403217000392033,4.520656169790984e-09
36,54,0.2344129989069188,29.433957000946975,23.64774700072303,4.097535000255448,12.26885200048855,2.4079309987428132,9.318631081234975e-10
36,55,0.20792599934793543,28.67197900013707,25.251682998714386,5.066234998594155,12.378688999888254,2.4305719998665154,2.865957857999197e-09
36,56,0.3158939998684218,30.82458199969551,23.99402800074313,4.135368999413913,12.117043001126149,2.3365100005321437,8.132072850067903e-10
36,57,0.19880600120814051,28.665788999205688,23.206662999655236,3.5877829996024957,12.397196000165422,6.560383999385522,2.243961146065817e-09
36,58,0.2972689999296563,29.189221999331494,23.10910599953786,4.253713999787578,11.989205000645597,2.2868640007800423,3.828577222668359e-09
36,59,0.22857300064060837,29.098696000801283,22.72435399936512,4.398687000502832,12.498169000537018,2.283911000631633,2.9343049148926065e-09
36,60,0.24221299827331677,28.435464000722277,23.10560500154679,3.8369059984688647,12.605177998921135,2.648279998538783,5.595605339058882e-10
36,61,0.2640169986989349,29.088242999932845,22.197915999640827,4.389411999000004,11.556839999684598,2.3108229997887975,6.557513272847926e-10
36,62,0.21653399926435668,28.27822199833463,22.152659999846946,4.119092998735141,11.63841999914439,2.389191000474966,1.2650429093710412e-09
36,63,0.2969979996123584,31.209307000608533,22.91664700169349,3.593190000174218,11.657732999083237,2.2409129996958654,8.875687722405671e-10
36,64,0.20026699894515332,29.49259399974835,23.107671999241575,4.2465189999347785,12.341951000053086,2.4158870000974275,7.019116941365869e-10
36,65,0.27883900111191906,33.340166999551,23.289750999538228,3.698428999996395,12.566565001179697,2.2739469986845506,9.908693851725939e-10
36,66,0.21087700042698998,29.90367399979732,23.251112999787438,3.84053500056325,11.994051999863586,2.440666999973473,6.206027517830775e-10
36,67,0.22159900072438177,29.75879899895517,24.100202999761677,6.040943999323645,13.462093000271125,3.2196500014833873,1.3822775082079494e-09
36,68,0.269101999947452,33.85334799895645,23.109011999622453,3.8192569991224445,12.112509999496979,2.298549999977695,2.7352460379986164e-09
36,69,0.2060250008071307,31.021634000353515,22.971665999648394,3.8759519993618596,11.58173800104123,2.313954999408452,2.9423513829999556e-09
36,70,0.20444100118766073,28.264869999475195,22.10876200115308,3.662638999230694,11.364501000571181,2.1692840000469005,3.5013067385551088e-09
36,71,0.20166100148344412,27.675217999785673,21.976514999551,3.8376450011128327,11.983898000835325,2.3023269986879313,9.920320029974306e-10
36,72,0.19622800027718768,27.718675999494735,21.953257999484777,3.7630139995599166,11.488149999422603,2.409505999821704,7.709065949835087e-10
36,73,0.2446449998387834,29.165265001211083,23.44581099896459,3.8213240004552063,12.093020999600412,2.3301999990508193,8.662499880066597e-10
36,74,0.24526800007151905,29.44589700018696,21.62713700090535,3.4607750003488036,11.499815000206581,2.1917340000072727,9.65979535351957e-10
36,75,0.22014400019543245,30.69291800056817,21.387816999776987,3.5308919996168697,11.347626999850036,2.2333079996315064,1.4448598089643644e-09
36,76,0.2020859992626356,28.902573001687415,21.96138500039524,3.529216999595519,12.18134599912446,2.273521000461187,3.4251585393585838e-09
36,77,0.1962039987120079,28.19695400103228,22.672686998703284,3.7921149996691383,11.614328999712598,2.2982580012467224,9.099628643820072e-10
36,78,0.22188999901118223,28.266498000448337,21.85830599955807,3.5341629991307855,11.451525999291334,2.2433989997807657,9.534201156126517e-10
36,79,0.23522199990111403,47.432757000933634,22.247410999625572,3.450890000749496,11.275113000010606,2.1353829997678986,1.2919443767559908e-09
36,80,0.2017919996433193,28.092263000871753,21.93142100077239,3.9536159983981634,11.988083999312948,2.186281999456696,1.5790023267097266e-09
36,81,0.3741830005310476,38.74454000106198,27.010531000996707,4.783838001458207,11.694107999574044,2.1745760004705517,1.3428723278711307e-09
36,82,0.3665569984150352,32.28260299874819,21.64546799940581,3.4669429987843614,11.668609000480501,2.1604359990305966,8.172723981003083e-10
36,83,0.22894599896972068,28.42230599890172,21.519197000088752,3.7087269993207883,11.482134999823757,2.2095759995863773,6.769143768830959e-10
36,84,0.19719800002349075,48.94297099963296,23.046618000080343,3.8595650003117044,12.309085999731906,2.4502590003976366,1.5851839942433392e-09
36,85,0.20421199951670133,30.616725998697802,21.827888000188977,4.0602179997222265,11.35784399957629,2.268517999254982,1.7002279932453565e-09
36,86,0.22692799939250108,29.24092699868197,22.815805999925942,5.265732001134893,14.331559999845922,2.3125080006138887,1.0692602959650675e-09
36,87,0.23843799863243476,32.204457000261755,23.518681000496144,5.876489000002039,12.523375000455417,2.4857299995346693,7.768824480198507e-10
36,88,0.216483998883632,30.358076000993606,23.053025999615784,3.593183000702993,11.318363000100362,2.1805169999424834,1.4403639753203102e-09
36,89,0.292532000457868,31.2811990006594,21.944568999970215,3.6282309993111994,11.65665099870239,2.2888590010552434,1.304412920857899e-09
36,90,0.49482999929750804,32.383899999331334,22.95902000150818,3.914708999218419,12.065724999047234,2.2989520002738573,1.880188561830994e-09
36,91,0.20359200061648153,34.32489500119118,24.128060998918954,3.7351760001911316,11.54612900063512,2.3604660000273725,8.142150036910514e-10
36,92,0.23192799926619045,28.3907970006112,22.49715399921115,3.6962809990654932,11.460971998531022,2.1896779999224236,9.709217583389958e-09
36,93,0.1967129992408445,39.92191100041964,34.32801399867458,4.351318000772153,13.742402999923797,2.5293470007454744,1.2777451702660499e-09
36,94,0.20284899983380456,32.362807000026805,27.54237000044668,4.863197000304353,13.23665700147103,2.326488000107929,1.5944531696827335e-09
36,95,0.20369599951663986,29.77596500022628,22.442052999394946,3.6307280006440124,11.61865799986117,2.2237639986997237,9.66596052704916e-10
36,96,0.2037820013356395,30.97138999874005,24.001720999876852,3.683404998810147,12.617529000635841,3.1568489994242555,1.4453881354136598e-09
36,97,0.2909970007749507,29.610278999825823,21.499884000149905,3.5688080006366363,12.017695999020361,2.8147059983893996,1.8699951493051774e-09
36,98,0.24112099890771788,27.974119999271352,21.665676000338863,3.4976030001416802,11.215731001357199,2.2330920000968035,1.8141564797489192e-09
36,99,0.19578799947339576,27.24685499924817,21.597414999632747,3.66423100058455,11.390968998966855,2.229034998890711,2.8081514742738753e-09
40,0,0.306088999423082,27.410264001446194,22.36814699972456,4.220126000291202,12.450291998902685,2.2569930006284267,2.0871535984856623e-09
40,1,0.20684700029960368,28.881332000310067,22.130612000182737,3.894260999004473,12.521339998784242,2.413370000795112,1.4055403557812116e-09
40,2,0.2035489997069817,29.99387999989267,22.536915999808116,3.598695999244228,11.396685000363505,2.1456859994941624,8.998641407934765e-10
40,3,0.26505700043344405,28.754490998835536,21.544810000705183,3.797276000113925,12.09357400148292,2.228531000582734,1.8227610257359285e-09
40,4,0.19684499966388103,29.690179000681383,31.64342699892586,8.4667500013893,14.325633999760612,2.2527729997818824,1.4108453165688527e-09
40,5,0.29706200075452216,49.74541100091301,27.22807999998622,4.588051000609994,14.283108999734395,3.0235169997467892,7.197487156479067e-10
40,6,0.206054999580374,33.29990499878477,23.773572000209242,3.74084799841512,13.488954000422382,4.821714001082,3.513618865902865e-09
40,7,0.6266939999477472,37.27993599932233,22.27139100068598,3.7771610004710965,11.662119000902749,2.189295999414753,6.243277107998427e-10
40,8,0.20523199964372907,29.093009999996866,22.636777999650803,3.6941959988325834,11.387197000658489,2.1875269994779956,7.59819015448792e-10
40,9,0.19342099949426483,27.867270000569988,21.33526299985533,3.5145790006936295,11.335010000038892,2.194337001128588,1.3253633209278427e-09
40,10,0.19283400069980416,27.869052999449195,22.728594000000157,3.593195000576088,11.437612000008812,2.1897699989494868,1.1224209006510834e-09
40,11,0.1991280005313456,28.111145000366378,23.69157600151084,3.6890649989800295,11.87809200018819,2.2051070009183604,2.4599917524836086e-09
40,12,0.19975500072177965,29.343939999307622,23.38490100009949,4.09886699890194,12.31911199829483,2.32616399989638,2.1496816472127935e-09
40,13,0.21832099992025178,28.53260899973975,21.667457000148715,3.799369998887414,11.233414999878732,2.533039998525055,6.830749635863024e-10
40,14,0.2040250001300592,28.739217999827815,23.03531300094619,4.197588999886648,12.472120999518665,2.298862998941331,2.263721636682619e-09
40,15,0.239302000409225,28.437101000235998,22.630675999607774,3.5999739993712865,11.254453000219655,2.174656001443509,1.0730161624026407e-09
40,16,0.19892199998139404,29.44395099984831,22.47174200056179,3.6997530005464796,11.830921999717248,2.257116999317077,7.499895857310693e-10
40,17,0.26567700115265325,28.31267999863485,22.78176599975268,3.698919999806094,11.601025000345544,2.315972000360489,7.51619700748457e-10
40,18,0.2292080007464392,28.188107999085332,23.047639000651543,3.9707920004730113,11.814507999588386,2.2436100007325877,8.182460150089722e-10
40,19,0.5113990009704139,34.06315699976403,26.49387199926423,3.995969000243349,12.735983000311535,2.4053220004134346,7.058072547999835e-10
40,20,0.23832500119169708,29.06462200007809,22.269687999141752,3.6083269988012034,11.774384000091231,2.3374529991997406,5.697038354600694e-10
40,21,0.20686800053226762,28.816485999414,22.40005400017253,4.296904000511859,11.708967000231496,2.5607370007492136,6.341334441433721e-10
40,22,0.2593459994386649,27.99297999990813,22.731832001227303,3.845260000161943,11.597686998356949,2.248804999908316,2.195185098914397e-09
40,23,0.212725000892533,28.811557000153698,27.57149399985792,4.175999998551561,13.882297000236576,3.3404670011805138,8.080733437957581e-10
40,24,0.21684599960281048,35.65088100003777,27.382127000237233,5.477922000864055,15.588945001582033,2.887778000513208,7.000479401267719e-09
40,25,0.29673599965462927,29.187128000558005,22.156832999826293,3.564556000128505,11.454112000137684,2.1880399999645306,9.515400702805926e-10
40,26,0.1915560005727457,27.88689999943017,23.386243999993894,4.353673000878189,12.588274999870919,2.719755000725854,1.6181212137289616e-09
40,27,0.2335009994567372,27.708900999641628,21.70032899994112,3.510945998641546,11.108954000519589,2.174962999561103,8.2494617971367e-10
40,28,0.2659700003277976,28.00641599969822,21.464928999193944,3.5327149998920504,11.431000000811764,2.2344529988913564,1.314531381955442e-09
40,29,0.196177999896463,28.41816399995878,22.361287999956403,3.6264369991840795,11.821215000964003,2.2563940001418814,1.3879757827463612e-09
40,30,0.2662700007931562,29.621502000736655,29.211117000158993,5.963058998531778,12.399090001053992,2.3605610003869515,8.069276197750473e-10
40,31,0.23573900034534745,28.59331400031806,23.149914000896388,3.762704998734989,11.95038200057752,2.2303280002233805,6.25653607507453e-10
40,32,0.21545200070249848,28.637265000725165,22.20335200036061,3.7470790011866484,11.538254999322817,2.703067999391351,1.2761459009991518e-09
40,33,0.23140300072554965,29.375182999501703,23.257800999999745,3.833967000900884,11.63436000024376,2.299690000654664,5.820594831199556e-09
40,34,0.2278419997310266,29.56525099943974,24.206649999541696,3.936577000786201,11.922182999114739,2.3838840006646933,9.991486156469069e-09
40,35,0.2339590009796666,29.616145000545657,22.70764500099176,3.7067499997647246,12.140184999225312,2.350607001062599,6.074521318970159e-10
40,36,0.20672500068030786,28.195159999086172,22.64321800066682,3.821842999968794,11.837733998618205,2.2232949995668605,2.4340206800141005e-09
40,37,0.20435399892448913,28.35913399940182,22.687511000185623,3.896713998983614,11.846533001516946,2.27749199984828,1.050389013117325e-09
40,38,0.20114700055273715,29.682850001336192,23.170114998720237,3.6544499998854008,11.541513000338455,2.4176090009859763,2.725073555876603e-09
40,39,0.2206679982919013,28.309577999607427,23.105282001779415,4.086064000148326,12.739166999381268,2.3909639985504327,1.919692628377552e-09
40,40,0.2102269991155481,28.650247000769014,22.612699000092107,3.795839000304113,11.508372001117095,2.53549499939254,8.725533879679808e-10
40,41,0.24256500000774395,28.377548000207753,40.677328001038404,3.6365850010042777,12.027025000861613,2.321490999747766,1.1211773744529117e-09
40,42,0.19819900080619846,43.055055999502656,24.639744999149116,3.7263449994497932,11.210644001039327,2.1450399999594083,7.015145342267635e-09
40,43,0.22003500089340378,31.140872000833042,22.664394000457833,3.9016470000206027,11.962225000388571,2.488942000127281,3.113592220969225e-09
40,44,0.19704199985426385,28.17301100003533,22.50122899931739,3.703929000039352,12.182455999209196,2.3176539998530643,8.641878538548759e-10
40,45,0.4106679989490658,36.83403899958648,22.776724999857834,3.5617569992609788,11.851706000015838,2.246250000098371,7.766413239097231e-10
40,46,0.2036419991782168,27.627010998912738,22.427366000556503,3.7975240011292044,12.373771000056877,2.6627059996826574,6.390268931598844e-10
40,47,0.23677100034547038,28.406517001712928,22.085087000959902,3.5713859997485997,12.09200900120777,2.639956001075916,1.091939804322806e-09
40,48,0.20525200125121046,28.027383001244743,22.92432399917743,4.047833999720751,12.121787000069162,2.2633030002907617,1.3625458995416947e-09
40,49,0.21407399981399067,29.342584999540122,22.779249000450363,3.685976000269875,11.542505000761594,2.233461000287207,1.8688226534515937e-09
40,50,0.20312500055297278,27.682448000632576,21.943443000054685,3.664586998638697,11.285500999292708,2.19008200110693,1.135927844945462e-09
40,51,0.22511399947688915,28.02606499972171,21.542315998885897,3.495207998639671,11.53030299974489,2.1402750007837312,1.8482640011129368e-09
40,52,0.23442800011252984,28.608231999896816,21.76446900011797,3.7831740010005888,11.530448999110376,2.1801260008942336,7.059691627334403e-10
40,53,0.20369400044728536,27.39957400081039,21.316727999874274,3.59072900027968,11.216686998523073,2.147138999134768,6.822675965117485e-10
40,54,0.21312300123099703,29.327590998946107,23.103817000446725,3.9921879997564247,12.32231399990269,2.3889699987194035,1.7362647575694975e-09
40,55,0.3500559996609809,37.52958199947898,29.998916999829817,4.2659889986680355,13.531759999750648,3.179517998432857,2.1897326403518663e-09
40,56,0.35374700019019656,32.12977900147962,21.55308700093883,3.4549369993328582,11.442881999755627,2.1930279999651248,6.771369198376274e-10
40,57,0.4950300008204067,44.01314899951103,21.887417999096215,3.5226510008214973,12.691690999417915,2.369211999393883,1.4933902816730797e-09
40,58,0.213545999940834,27.946514999712235,21.541488998991554,3.560711000318406,11.232468001253437,2.146503999028937,2.656356148711648e-09
40,59,0.24268499873869587,28.332265999779338,22.621194999373984,4.026603999591316,23.14529599971138,5.852308000612538,2.155321719576836e-09
40,60,0.2625029992486816,29.378399000052013,22.458657000242965,3.547354999682284,11.316403999444447,2.2356940007739468,6.05903756036639e-10
40,61,0.200067999685416,28.322914000455057,22.48632299961173,3.7477730002137832,11.583924999285955,2.184248000048683,1.0703627023585678e-09
40,62,0.2348910002183402,29.381795999142923,21.429529999295482,3.431846998864785,12.056618999849888,2.676015001270571,6.139580158809521e-09
40,63,0.6591950004803948,31.51750700089906,22.12827999937872,3.645472999778576,11.594940999202663,2.2004270012985216,5.530468195299484e-10
40,64,0.2341010003874544,29.219314999863855,21.951730999717256,3.670779000458424,11.56913200065901,2.181850000852137,5.38141818061242e-09
40,65,0.19241200061514974,28.071933000319405,22.643357000561082,3.555686998879537,11.67505900048127,2.249171000585193,1.1414633573544237e-09
40,66,0.2764999990176875,33.84912500041537,24.4710919996578,3.608540999266552,12.15595299981942,2.4066570003924426,1.0644558987639283e-09
40,67,0.20202399900881574,28.248513999642455,22.451699998782715,3.618222999648424,11.555687000509351,2.218667999841273,9.331201842326856e-10
40,68,0.23500600036641117,29.29602099902695,22.184744999321993,3.7670430010621203,11.51133699931961,2.3799089995009126,2.635374434693637e-09
40,69,0.2420050004730001,29.44012800071505,24.162695999621064,3.5970250009995652,11.67289300065022,2.2049590006645303,5.776119289444313e-10
40,70,0.25056800041056704,29.74670399999013,23.55174000149418,3.746323998711887,11.59379899945634,2.205577999120578,9.791180295545404e-10
40,71,0.24347099861188326,28.45509899998433,21.45958800065273,3.78858499971102,11.242799999308772,2.281999000842916,7.975716743931891e-10
40,72,0.19934199917770457,28.890187000797596,21.41642199967464,3.5210639998695115,11.3671199997043,2.338480999242165,2.052967231483423e-09
40,73,0.19471199993859045,27.769320000516018,21.254105999105377,3.685745999973733,11.27939499929198,2.2772880001866724,1.3921834371853369e-09
40,74,0.19095100105914753,27.56249899903196,21.487362999323523,3.6227720011083875,11.472410000351374,2.2724490008840803,9.078749790876107e-10
40,75,0.20009299987577833,28.166609999971115,22.305132000838057,3.8276539999060333,11.567341000045417,2.143051999155432,9.662373383608338e-10
40,76,0.2123340000252938,28.63892800087342,21.943439000096987,3.5690770000655903,11.598823999520391,2.223217999926419,9.73732305246109e-10
40,77,0.20079600108147133,27.87997700033884,31.887307999568293,8.780422998825088,13.769831000900012,2.1398529988800874,6.560918032049325e-10
40,78,0.19654500101751182,31.931805000567692,26.822665999134188,3.7823029997525737,11.776098001064383,2.260622999529005,2.34286959836759e-09
40,79,0.19815099949482828,28.93450400006259,23.410195999531425,3.571666999050649,12.216287999763153,2.395768999122083,3.62831301314051e-09
40,80,0.23023599896987434,36.322042000392685,29.321090998564614,4.465244001039537,15.025594000690035,2.5858829994831467,1.531023583234584e-09
40,81,0.35384600050747395,35.65745499872719,23.36755299984361,3.879474999848753,12.652962999709416,2.4560029996791855,6.354746589907842e-10
40,82,0.21083799947518855,31.078980000529555,23.16855200115242,4.08539800082508,12.113627999497112,2.3752369997964706,2.0904397873128403e-09
40,83,0.22273200011113659,31.21658200143429,23.657841000385815,3.6647270007961197,11.485545999676106,2.1739250005339272,2.170118909286959e-09
40,84,0.24909700005082414,29.89553500083275,24.46373899874743,4.1294610000477405,12.841206000302918,2.5279969995608553,6.858682811978512e-10
40,85,0.22228400121093728,31.645462999222218,24.896894999983488,5.505198001628742,18.64890400065633,5.085928998596501,8.537654106299357e-10
40,86,0.20368100013001822,33.86149600009958,37.1491550013161,7.86362899998494,16.951351999523467,5.907396000111476,3.0067275647595674e-09
40,87,0.26347899984102696,42.24016499938443,28.107580999858328,4.970410000169068,15.089075999640045,2.5938010003301315,1.9663685012936282e-09
40,88,0.21516800006793346,32.75157000098261,27.32923600160575,3.9503560001321603,13.262567999845487,2.4269499990623444,1.4677690559587997e-09
40,89,0.2599260005808901,29.244844999993802,22.53101599853835,3.5484250001900364,11.31210200037458,2.152869999918039,8.470676140461311e-10
40,90,0.2823819995683152,29.76096400016104,34.70901699984097,4.22571200033417,11.623963000602089,2.262848000100348,7.952072239326509e-10
40,91,0.2392879996477859,30.041251999136875,23.427688000083435,3.5614839998743264,11.530218998814235,2.5587269992684014,9.360042035698966e-10
40,92,0.26147499920625705,32.68857799957914,32.4375259988301,3.803073999733897,17.027300998961437,2.794972000629059,3.832256995413211e-09
40,93,0.2159630003006896,29.224440999314538,23.79486999961955,3.923064999980852,11.769331000323291,2.249060999020003,8.56487817714884e-10
40,94,0.19869800053129438,29.043894999631448,22.18492000065453,3.7038210011814954,12.145303000579588,2.348723999602953,6.997371905373195e-10
40,95,0.19577200146159157,36.79794399977254,21.44764500008023,3.550290000930545,11.413399999582907,2.223150999270729,1.1043593231439836e-09
40,96,0.20370200036268216,29.4331709992548,27.298171000438742,4.452942001080373,12.724060999971698,2.8938300001755124,6.294121818442821e-09
40,97,0.22622700089414138,33.86383899851353,25.16380199995183,4.599775000315276,13.701899999432499,2.750988998741377,1.2335339263960253e-09
40,98,0.23344399960478768,34.06797000025108,25.131479000265244,3.670279000289156,11.432455001340713,2.2324860001390334,1.5764097331010376e-09
40,99,0.2629270002216799,27.979361000689096,21.808358000271255,3.8391799989767605,11.252621001403895,2.735341999141383,5.379371535304883e-10
44,0,0.20591199972841423,29.79019399936078,40.459772000758676,3.7609999999403954,11.849366001115413,2.276337001603679,2.3873597462297635e-09
44,1,0.20404700080689508,28.421039000022574,22.03304499926162,3.995499000666314,14.065295999898808,2.820532001351239,7.854467158859424e-10
44,2,0.23884700021881144,42.77312100020936,29.0394589992502,5.550357000174699,15.112005999981193,2.838917000190122,1.1164196468864827e-09
44,3,0.33559899929969106,33.90565900008369,28.17712300020503,3.7305530004232423,11.630413000602857,2.350247999856947,6.543459121073136e-10
44,4,0.2971989997604396,29.17009199882159,21.755077999841888,3.694185999847832,11.429411000790424,2.1887939983571414,3.9006481614307535e-09
44,5,0.20258000040485058,28.132589999586344,21.82747500046389,3.6400299995875685,13.865912000255776,5.208904000028269,9.72813878830735e-10
44,6,0.20398599917825777,31.16067700102576,26.879709999775514,3.806700999120949,11.960404001001734,2.213671999925282,2.5816471522358307e-09
44,7,0.24032599867496174,29.910470999311656,22.270962999755284,4.12954199964588,11.628504998952849,2.2416060000978177,1.9143443305923315e-09
44,8,0.23847999909776263,29.05559600003471,21.85131599981105,3.5765699994954048,13.605993999590282,2.17975200030196,7.845697800830296e-10
44,9,0.18272800116392318,27.381145999243017,21.989858998495038,3.6715909991471563,11.759363998862682,2.3352199987130007,8.578805394417417e-09
44,10,0.23387900000670925,43.080433999421075,31.13578899865388,3.7977699994371505,13.471534999553114,2.2679320009046933,9.13177621080452e-10
44,11,0.2310999989276752,29.26754999862169,22.099283998613828,3.7543969992839266,11.529579000125523,2.3417230004270095,9.141248803858088e-10
44,12,0.20720100110338535,29.531427999245352,23.250414998983615,3.7470879997272277,12.00296199931472,2.4024960002861917,1.8354342632988909e-09
44,13,0.215243999264203,30.360875998667325,22.90420800090942,3.9678969988017343,11.862868999742204,2.423859999908018,2.2400069431675848e-09
44,14,0.2888569997594459,29.124027001671493,23.117890999856172,3.833070000837324,11.566715000299155,2.210848000686383,8.07343260932012e-10
44,15,0.20371200116642285,29.040370998700382,22.228128000278957,3.5876679994544247,11.466234998806613,2.176386000428465,1.3323056005739907e-09
44,16,0.23996000163606368,30.734201000086614,23.445217000698904,3.8206700010050554,12.17569199980062,2.6232159998471616,6.936774420490564e-10
44,17,0.21294100042723585,34.29134799989697,24.22305999971286,4.34698900062358,12.36244600113423,2.642716999616823,8.8605448397221e-10
44,18,0.36510700010694563,29.93812699969567,24.169080999854486,3.8862790006533032,12.065451001035399,2.2558679993380792,1.1021315216196475e-09
44,19,0.27600000066740904,30.530152998835547,21.342293999623507,3.516633998515317,11.390760999347549,2.173308001147234,1.928411247101718e-09
44,20,0.19932699979108293,29.084408000926487,21.59635699899809,3.5345010001037735,11.500274000354693,2.21169100041152,6.652386487262677e-09
44,21,0.22701899979438167,28.449579998778063,21.927309999227873,3.720542999872123,11.605618999965372,2.2360120001394534,1.0946220715849333e-09
44,22,0.24136600040947087,29.534524999689893,23.33084700148902,4.504716000155895,12.401924001096631,2.604414999950677,1.1156582513542036e-08
44,23,0.20831499932683073,29.833180000423454,23.888204999821028,4.0439770000375574,12.317765000261716,2.639899999849149,2.469370146648472e-09
44,24,0.4832739996345481,27.886972999112913,28.278323999984423,3.59575800030143,11.308786999506992,2.15341000148328,6.158301965232761e-10
44,25,0.21423399994091596,27.954260000115028,21.92436400036968,3.5756710003624903,11.937319000935531,2.2042589989723638,8.757468631736621e-10
44,26,0.2034130011452362,28.126876000897028,21.695491999707883,4.086323000592529,11.357982000845368,2.242766000563279,2.1563942708926507e-09
44,27,0.38300799860735424,43.84948899860319,26.40470200094569,4.570469000100275,15.159585998844705,2.593555000203196,4.191701978121791e-09
44,28,0.22654900021734647,34.41317500073637,22.205455001312657,3.5516339994501323,11.517671999172308,2.2016830007487442,6.429162380902053e-10
44,29,0.19840599998133257,28.690593000646913,21.701809000660433,3.595738000512938,11.626175000856165,2.244368999527069,1.974672123808321e-09
44,30,0.23471400163543876,28.212690000145813,22.48875099940051,3.7509550002141623,11.431180000727181,2.260941000713501,2.410710019091336e-09
44,31,0.23841199981688987,27.31606300039857,21.72338300078991,3.6443169992708135,11.69828100137238,2.239346000351361,2.3718706314972e-09
44,32,0.25508200087642763,29.115807999914978,22.06369600025937,3.6783189989364473,11.901459000000614,2.304526999068912,2.1955520130060368e-09
44,33,0.2112339989253087,28.66140600053768,21.990817000187235,3.6884809996990953,11.634038000920555,2.2881259992573177,2.7119405433136255e-09
44,34,0.28530199961096514,27.894504000869347,22.778986000048462,4.17181999910099,11.785267999584903,2.321780999409384,1.0471276275444799e-09
44,35,0.24411699996562675,27.18100599850004,21.940759999779402,3.6854310001217527,11.829556999146007,2.2610800006077625,7.065544891219234e-10
44,36,0.24043699886533432,28.15667899994878,22.28330899924913,3.6240060017007636,11.63053799973568,2.2143570004118374,8.750980326571685e-10
44,37,0.20755600053234957,28.503395998995984,22.697708000123384,3.5830510005325777,11.591790000238689,2.293276000273181,3.148654181163119e-09
44,38,0.20865799888269976,28.227496999534196,22.052137999708066,3.9555940002173884,11.58557400049176,2.2819099995103898,7.673317539529025e-10
44,39,0.20082000082766172,28.187074998641037,21.85571099835215,3.5728109996853163,11.82348899965291,2.3920890016597696,6.503378051202734e-10
44,40,0.20608900013030507,27.995305999866105,21.45107700016524,3.533180999511387,12.067838999428204,2.420071001324686,2.163017850316936e-09
44,41,0.2067160003207391,28.051241000866867,22.042839000278036,3.8638790010736557,11.514345998875797,2.459925000948715,6.971697083239858e-10
44,42,0.2017520000663353,28.289633000895265,22.0601839992014,4.371972001536051,11.694987000737456,2.202566000050865,7.880055387080479e-10
44,43,0.2529280009184731,28.17369300100836,21.695913001167355,3.7907440000708448,11.595550999118132,2.3530689995823195,2.880579954891813e-09
44,44,0.21082300008856691,27.935927999351406,22.054738999941037,3.9736939997965237,11.368626999683329,2.168200999221881,7.618222169375147e-10
44,45,0.20529600078589283,28.64782999859017,22.261830999923404,3.757665999728488,11.611191999691073,2.240683001218713,1.5850493269050842e-09
44,46,0.21720999939134344,28.599417999430443,21.954660000119475,3.7766400000691647,11.751891999665531,2.286079001351027,7.492222130809569e-10
44,47,0.19406599858484697,27.542236999579472,22.018503999788663,3.6426860006031347,11.741653001081431,2.2595370010094484,9.459936207155782e-10
44,48,0.2597110014903592,28.0803850000666,22.339164001095924,3.618942999310093,12.016155000310391,2.2084219999669585,1.3852828912731303e-09
44,49,0.25099000049522147,28.27569799956109,21.68116299981193,3.5322349995112745,11.554117998457514,2.2446420007327106,1.6097820927786657e-09
44,50,0.2001369994104607,28.47384999950009,21.343581000110134,3.4530309985711938,11.636504999842145,2.177025999117177,8.569159226472054e-10
44,51,0.20452399985515513,28.03056300035678,21.989180000673514,3.5529529995983467,12.027521999698365,2.229367000836646,7.244320057197051e-10
44,52,0.24228700021922123,27.89912799926242,22.251424001296982,3.623962000347092,11.315230998661718,2.1324919998733094,7.035965369296772e-10
44,53,0.228283999604173,35.46947600079875,28.97569499873498,4.546827000012854,13.183412000216777,2.9520030002458952,9.146361244145332e-10
44,54,0.2678179989743512,27.454249999209424,21.625577999657253,3.524669000398717,11.31893000092532,2.1584199985227315,4.3370941167518504e-09
44,55,0.23428599888575263,47.49926799922832,21.458770001117955,3.6046919994987547,12.035740999635891,2.2430019998864736,1.3669981920298972e-09
44,56,0.21294699945428874,30.03972800070187,21.292580999215716,3.4741590006888146,11.249692001001677,2.2695070001645945,1.5730452735369363e-09
44,57,0.22407600044971332,29.154514999390813,24.020568000196363,3.7796870001329808,11.32095299908542,2.230877000329201,5.576506648908208e-10
44,58,0.18446600006427616,27.94467999956396,22.305087000859203,3.489525999611942,11.35873699968215,2.1674030012945877,2.2889607109277513e-09
44,59,0.2210710008512251,31.367638999654446,38.5764200000267,3.6359899986564415,11.460728999736602,2.225475998784532,7.25699990199381e-10
44,60,0.22010300017427653,27.62824799901864,21.396861000539502,3.7182329997449415,11.500020998937543,2.363085999604664,1.3186743640991993e-09
44,61,0.2781329985737102,28.05730300133291,21.631794999848353,3.602380000302219,11.827618000097573,2.3831950002204394,9.9077003311723e-10
44,62,0.24669000049470924,27.337154999258928,21.315718000550987,3.563106000001426,11.466812999060494,2.234280998891336,1.6931995813853308e-09
44,63,0.19945300118706655,28.005525999105885,22.190733001480112,3.4915140004159184,11.518196000906755,2.303727000253275,5.586324763037472e-10
44,64,0.22908900064066984,27.69185900069715,21.721294999224483,3.4821649987861747,11.551400999451289,2.153186000214191,8.069913045047077e-10
44,65,0.1889610011858167,45.392189000267535,20.976510999389575,3.492650001135189,11.44411000132095,2.181816000302206,1.0664383817105844e-09
44,66,0.1975960003619548,28.073182000298402,38.77933299918368,3.4823289988707984,11.529240999152535,2.2462109991465695,2.9985843065413856e-09
44,67,0.19907800015062094,28.745065999828512,21.698575001209974,3.645872000561212,11.439392001193482,2.271173998451559,7.372701783143293e-10
44,68,0.2245779996883357,28.363498000544496,22.404859999369364,3.8561229994229507,11.768372000005911,2.298486999279703,7.464612006836277e-10
44,69,0.23816199973225594,28.37782799906563,23.033397999824956,3.685500001665787,12.160570000560256,2.258467000501696,1.6775460505761241e-09
44,70,0.23870500081102364,28.58384800128988,22.30450400020345,3.6651179998443695,11.551719999260968,2.208139001595555,5.936752501555977e-10
44,71,0.196806000531069,28.739195000525797,22.343168999213958,3.6085819992877077,12.124516000767471,2.267033998577972,2.7260486927616317e-09
44,72,0.19644799976958893,30.39402000104019,21.928206999291433,3.542479998941417,12.204732000100194,5.398604000220075,1.594722685383612e-09
44,73,0.2291330001753522,27.56556700114743,21.666215001459932,3.5232879999966826,11.513236999235232,2.1913309992669383,6.822992338616359e-10
44,74,0.2611960007925518,27.532194000741583,21.67213000029733,3.7222310002107406,11.93500900080835,2.226493999842205,2.314463095520074e-09
44,75,0.2134180012944853,27.779428000940243,22.04630999949586,3.4947339991049375,11.573862999284756,2.1897400001762435,9.07572468145076e-10
44,76,0.20268499974918086,28.245269999388256,21.898802000578144,3.7659009994968073,11.719392001396045,2.429483000014443,1.1386734955111402e-09
44,77,0.21095400006743148,28.243019000001368,39.171913000245695,4.838306000237935,11.402050999095081,2.1772499985672766,1.2240729164668085e-09
44,78,0.20321800002420787,28.55401799934043,22.381867000149214,3.567747999113635,11.716695000359323,2.1952080005576136,8.565834001632178e-10
44,79,0.2279250002175104,28.756670999428025,21.784501999718486,3.565677001461154,11.464694000096642,2.2497400004795054,4.4090174704041425e-09
44,80,0.19344599968462717,27.6691609997215,21.995504001097288,3.770857998460997,11.684867000440136,2.3470899996027583,1.1254517109478307e-09
44,81,0.19970899847976398,28.06601399970532,21.951270999124972,4.510336000748794,11.994868998954189,2.3055109995766543,2.3022681652390347e-09
44,82,0.31740600024932064,28.716359000100056,22.35588100120367,3.6732429998664884,11.765098999603651,2.1832779984833905,5.723960297237356e-10
44,83,0.2933590003522113,29.001404000155162,22.49059299902001,3.680239000459551,11.428054998759762,2.195196999309701,9.247564840313541e-10
44,84,0.2034070002991939,29.008825000346405,21.648357000231044,3.850735000014538,11.816226000519237,2.25047700041614,1.6469453054199212e-09
44,85,0.2021470008912729,31.04247299961571,22.75930399991921,3.4586060010042274,11.284948999673361,2.2183950004546205,2.6414798897910728e-09
44,86,0.1940950005518971,28.899277000164147,21.77451700117672,3.5255080001661554,11.468718999822158,2.221324000856839,7.20743309570114e-10
44,87,0.24493800083291717,27.681785000822856,21.676962000128697,3.4704829995462205,11.474977000034414,2.329867000298691,1.0320187756698312e-09
44,88,0.23607499861100223,29.91895699960878,21.610630999930436,3.806139999142033,11.830147999717155,2.226922000772902,1.5289093912558238e-09
44,89,0.22107800032244995,28.786910999770043,21.820986999955494,3.558753998731845,11.704579999786802,2.1735899990744656,1.224706210743427e-09
44,90,0.19626799985417165,28.51273699889134,21.872115999940434,3.5889230002794648,11.554463000720716,2.2461720000137575,2.0616597719270344e-09
44,91,0.19135399998049252,29.996639001183212,21.181471000090824,3.7215760003164178,11.416170000302373,2.68790000154695,6.245829036749596e-10
44,92,0.25082999854930677,28.18853099961416,21.849220000149217,3.791884000747814,11.97437200062268,2.256157998999697,2.280810240072808e-09
44,93,0.18402800014882814,28.097431000787765,21.652935998645262,3.6612820003938396,11.298093999357661,2.175589999751537,3.4312104926796757e-09
44,94,0.197741999727441,28.843943000538275,21.439738000481157,3.786212000704836,11.648323999907007,2.225348000138183,3.6957000011610774e-09
44,95,0.23956099903443828,27.85363899965887,21.693373999369214,3.6917000015819212,11.764070999561227,2.2492369989777217,1.8632731017794567e-09
44,96,0.22043199896870647,28.36434500022733,21.589427000435535,4.052472999319434,11.144976999275968,2.180833998863818,5.474846924878106e-10
44,97,0.24537999888707418,27.46213499995065,21.46272199934174,3.777558998990571,11.633467000137898,2.2829790013929596,5.690872269273832e-09
44,98,0.23233899992192164,28.153889999884996,21.484876999238622,3.5241410005255602,11.582475999603048,2.563329000622616,8.731948671930697e-10
44,99,0.35645200114231557,28.029040000546956,21.872909001103835,4.068697000548127,11.316232999888598,2.2087729994382244,1.3260581915731712e-09
48,0,0.2038830007222714,27.396526998927584,22.09889000005205,4.174020999926142,12.098381001123926,2.2128450000309385,8.499274839952642e-10
48,1,0.20450000010896474,45.8283730004041,21.34839300015301,3.502823999951943,11.232208000365063,2.2678400000586407,1.29999264208427e-09
48,2,0.22730499949830119,28.200586000821204,22.082358000261593,3.6583300006896025,11.782190000303672,2.3788849994161865,1.5853703659522455e-09
48,3,0.1985729995794827,27.86872199976642,21.80842199959443,3.5175039993191604,11.603429999013315,2.227385000878712,8.233527107911408e-10
48,4,0.263952000750578,37.28315499938617,30.05225199922279,3.857087000142201,11.443672001405503,2.2104109993961174,8.434419422929716e-10
48,5,0.20787600078620017,27.893797001524945,22.148447000290616,3.6949440000171307,15.428594999320921,6.074832999729551,3.4596508500987778e-09
48,6,0.19770200015045702,28.40468600152235,21.811578000779264,3.48011599999154,11.413817999709863,2.188558000852936,1.1279461944858875e-09
48,7,0.19234100000176113,28.69078199910291,21.83452200006286,3.597475999413291,11.294793001070502,2.1901060008531203,1.2685417900750796e-09
48,8,0.18870999883802142,27.000807000149507,28.708624000501004,9.619297999961418,17.793203000110225,2.2128190012153937,5.860729347661734e-10
48,9,0.25366199952259194,28.01667000130692,21.77313900028821,3.530039999532164,11.597661999985576,2.4793310003587976,1.5616432232769784e-09
48,10,0.1951160011230968,27.17637800014927,21.694506000130787,3.634255999713787,11.715006001395523,2.2637969996139873,7.422887222885693e-10
48,11,0.19113400048809126,28.54669299995294,21.632058000250254,3.620823999881395,11.443218001659261,2.38347199956479,1.1710419674044522e-09
48,12,0.19911900017177686,28.554387999975006,21.50582599824702,3.4331940005358774,11.75388099909469,2.2511940005642828,6.612012125852149e-10
48,13,0.2146480001101736,44.79203500159201,22.021476999725564,3.4677730000112206,11.28423800037126,2.1699379994970514,1.1768349362197526e-09
48,14,0.2483000007487135,46.01384700072231,21.224695999990217,3.6157909999019466,11.256077999860281,2.216809998571989,9.958456737818846e-10
48,15,0.20022299941047095,27.670137998939026,21.853640999324853,3.610137999203289,11.539835000803578,2.242582000690163,1.5384592596479479e-09
48,16,0.19358999998075888,28.909452001244063,21.646340001097997,3.981613999712863,11.623039999903995,2.2296389997791266,1.975536235975913e-09
48,17,0.22304599951894488,27.311215999361593,21.79357800014259,3.713721000167425,11.772077999921748,2.2465910005848855,5.742074865356911e-10
48,18,0.23664900072617456,28.020945999742253,21.635049999531475,3.5777779994532466,11.33606400071585,2.1784550008305814,1.6949086722476077e-09
48,19,0.20286499966459814,27.898820000700653,21.829651001098682,3.6100290017202497,11.68693999898096,2.287509998495807,6.009743161186085e-10
48,20,0.19691499983309768,37.76453899990884,49.27236999901652,3.5191920014767675,11.538115000803373,2.166072001273278,1.0499058610760833e-09
48,21,0.2019219991780119,28.16128800077422,21.60441999876639,3.7571140001091408,11.541330999534694,2.237378001154866,8.885901868280026e-10
48,22,0.24503100030415226,27.847485998790944,21.784010999908787,3.7495590004255064,11.817971999334986,2.2451069999078754,1.7508587932029447e-09
48,23,0.23679600053583272,28.26751200154831,21.944903999610688,3.9212960000440944,12.091661999875214,2.2654410004179226,2.142383825063248e-09
48,24,0.2395269984845072,28.550514000016847,21.726716999182827,3.8384330000553746,11.768636999477167,2.257661999465199,6.29636907191105e-10
48,25,0.2528489985706983,28.21625700016739,21.52490699882037,3.5848730003635865,11.519965000843513,2.243869999801973,5.823424705624765e-09
48,26,0.2615180001157569,27.72298700074316,21.568092999586952,3.6131730012129992,11.35129800059076,2.2040109997760737,1.3264390683724725e-09
48,27,0.2195190008933423,28.42630899976939,21.929619999355054,3.672295000797021,11.228481000216561,2.2641539999312954,8.647073578380939e-10
48,28,0.29989199902047403,29.698429001655313,21.997387999363127,3.6176659996272065,11.233024000830483,2.5456130006205058,2.024270462605101e-09
48,29,0.3127859999949578,31.69972900104767,21.697292000681045,3.584875999877113,11.716062999767018,2.2020510004949756,6.841041940478174e-10
48,30,0.20395100000314415,29.031115000179852,34.527133000665344,9.168533999400097,11.285616999884951,2.145701999324956,1.6154996434942066e-09
48,31,0.2902119995269459,29.502590999982203,40.0853190003545,3.47215300098469,11.225141999602783,2.1473050001077354,7.91048627947311e-10
48,32,0.19293100012873765,28.326107998509542,21.684421999452752,3.472173000773182,11.333757000102196,2.209877000495908,1.3942533459746908e-09
48,33,0.25255800028389785,30.51278199927765,21.22653399965202,3.6991969991504448,11.289861000477686,2.1551909994741436,5.794094465472157e-10
48,34,0.19150799926137552,29.24644699851342,21.416945999590098,3.625720000854926,11.225825999645167,2.204622000135714,9.461443578737258e-10
48,35,0.2906820009229705,40.27024899914977,28.551351999340113,3.6396299983607605,11.319300001559895,2.1672069997293875,1.3237963097910085e-09
48,36,0.19342700034030713,28.250867000679136,21.725460999732604,3.556484000000637,11.384505000023637,2.216016999227577,8.920290971991317e-10
48,37,0.1936170010594651,28.090765999877476,21.62122099980479,3.5343760009709513,11.224045001654304,2.254817998618819,3.134686867097976e-09
48,38,0.20877300084976014,27.816719999464112,22.23973799846135,3.5547810002753977,11.30564599952777,2.138085001206491,6.941438759231986e-10
48,39,0.19861900000250898,29.23707199988712,21.84974100055115,3.77527800083044,11.540092000359436,2.206572000432061,3.690011933522144e-09
48,40,0.20500300161074847,27.37123299993982,21.651228998962324,3.7413169993669726,15.074922999701812,2.432623999993666,6.438613895226135e-10
48,41,0.20428899915714283,27.42614599992521,21.303272000295692,3.5392830013734056,11.330900000757538,2.165720999983023,6.933298406522098e-10
48,42,0.22738400002708659,27.65135600020585,22.085519000029308,3.468431999863242,11.275749000560609,2.134854999894742,1.409902224294731e-09
48,43,0.1951650010596495,27.366484000594937,21.538855999096995,3.4384310001769336,11.301770000500255,2.142327000910882,2.1604131177691727e-09
48,44,0.20118700012972113,27.262574001724715,21.500094999282737,3.422086001592106,11.363431000063429,2.150168000298436,2.0210014807508653e-09
48,45,0.44597799933399074,36.166903999401256,20.95259000088845,3.4392870002193376,11.269844000707963,2.18004300040775,3.521743185199991e-09
48,46,0.20829499953833874,28.53507599866134,22.079848999055685,3.5295779998705257,11.494365000544349,2.264251999804401,1.3967942664187349e-09
48,47,0.22529800116899423,28.376236999974935,21.359091999329394,3.7634560012520524,11.389027999030077,2.3332740001933416,6.159241257418036e-10
48,48,0.2561649998824578,28.619019998586737,21.736029999374296,3.588143999877502,11.294061001535738,2.1470539995789295,6.098105805979319e-09
48,49,0.20592299915733747,27.446295998743153,21.30223600033787,3.5352699997019954,11.356873999829986,2.218358000391163,1.2845365727884044e-09
48,50,0.20878800023638178,27.84099999917089,21.93906100001186,3.555547000360093,11.494951000713627,2.249454000775586,6.078363925400544e-10
48,51,0.21632300013152417,27.213109000513214,21.788273999845842,3.6104459995840443,11.96863199947984,2.2394429997802945,1.3160048682836209e-09
48,52,0.23151599998527672,27.224298999499297,21.321332000297843,3.553279999323422,11.30296999872371,2.2192300002643606,2.7695660233516474e-09
48,53,0.25259799986088183,27.795359001174802,21.717905001423787,3.500159000395797,11.569973001314793,2.200438000727445,2.005686497044722e-09
48,54,0.23632300144527107,34.5153840007697,28.59600600095291,3.632656998888706,11.476462999780779,2.259957000205759,7.093237107517722e-10
48,55,0.21821699920110404,33.96484899894858,21.597053000732558,3.4583130000100937,11.234808000153862,2.14686799881747,6.28045154581294e-10
48,56,0.21184100114624016,26.89230400028464,21.777448999273474,3.658269999505137,11.502277999170474,2.200776001700433,1.3734541722451742e-09
48,57,0.22718500076734927,28.04323099917383,21.76664000035089,3.664440000648028,11.609803001192631,2.2694229992339388,7.485948465007742e-09
48,58,0.2846389998012455,27.83797499978391,21.82685399930051,3.6792040009459015,11.69307100099104,2.2740910007996717,2.359473238513028e-09
48,59,0.23911199969006702,28.67897299984179,22.055534000173793,3.9647020003030775,12.170082000011462,2.2790729999542236,7.614554349210799e-10
48,60,0.21330399977159686,46.85913400135178,21.016537999457796,3.4513529990363168,11.240206000366015,2.160604000891908,5.351694671492577e-10
48,61,0.20565100021485705,45.03614900022512,21.032706999903894,3.505782000502222,11.284320000413572,2.1913780001341365,1.2079279420521144e-09
48,62,0.2245150008093333,29.241972999443533,21.562326999628567,3.7754989989480237,11.342525000145542,2.2027359991625417,2.865469174794316e-09
48,63,0.2218729987362167,28.4831299995858,21.601679000013974,3.5262510009488324,11.84648700109392,2.1444769990921486,6.827875494011864e-09
48,64,0.3104049992543878,27.09504599988577,21.362327999668196,3.8035019988456042,11.456234000434051,2.204438998887781,2.1458495010209707e-09
48,65,0.20673900144174695,27.147207998496015,21.609180999803357,3.626151999924332,11.913261001609499,2.357649998884881,3.320626514919044e-09
48,66,0.20373799998196773,27.821187000881764,21.51018299991847,3.636746001575375,11.526599000717397,2.2206739995453972,6.545567496432057e-10
48,67,0.22167899987834971,28.4979400003067,21.908778999204515,3.787748999457108,11.31393399919034,2.205959001003066,5.376804398957487e-09
48,68,0.25688200003060047,28.10605499871599,21.462524000526173,3.632018000644166,11.40434999979334,2.1937719993729843,9.486370552048312e-10
48,69,0.25065699992410373,27.486189999763155,21.54820999930962,3.7661499991372693,11.363157000232604,2.2056309990148293,7.208567845287829e-10
48,70,0.2343519990972709,28.14686400051869,21.14200100004382,3.598913001042092,11.305980000543059,2.2250900001381524,3.4077982688685262e-09
48,71,0.20171999858575873,29.243052000310854,22.358362999511883,3.9166879996628268,11.563933001525584,2.1878909992665285,2.9905279746525177e-09
48,72,0.19821699970634654,28.4906740016595,22.37955599957786,3.618270000515622,11.453332001110539,2.2852529982628766,1.415188888116762e-09
48,73,0.3084340005443664,27.654411998810247,21.90053699996497,3.6426080005185213,11.450418998720124,2.278889000081108,1.6126367767520506e-09
48,74,0.2114569997502258,27.83244099919102,22.379060999810463,3.771466999751283,11.738565999621642,2.2566250008821953,1.177575224790607e-09
48,75,0.26211499971395824,28.32857500106911,21.572112998910598,3.7424969996209256,11.330261000694009,2.1900739993725438,1.2479168621771245e-09
48,76,0.19504999909258913,27.201403998333262,21.59782699891366,3.652061999673606,11.59067899970978,2.312075001100311,1.2941860232928738e-09
48,77,0.3429259995755274,27.378908000173396,22.185553001691005,3.636164999988978,11.522491000505397,2.380887000981602,9.45626066648755e-10
48,78,0.2686730003915727,27.354887999536004,22.01170399894181,3.6333820007712347,11.737632999938796,2.2400200014089933,2.685609139311748e-09
48,79,0.21634699987771455,27.91162999892549,21.663864999936777,3.7616410008922685,11.454800000137766,2.172960999814677,1.5832032801686313e-09
48,80,0.37778300065838266,37.511574000745895,23.34788599910098,3.619604000050458,11.63087199893198,3.1504120015597437,1.446361291466161e-09
48,81,0.33284900018770713,31.461065000257804,21.433551999507472,8.939187999203568,24.58352299981925,2.535661000365508,2.7061644628440286e-09
48,82,0.28683199889201205,28.391127001668792,22.90392199938651,3.6189700003887992,11.459590001322795,2.1986940009810496,6.465329658440202e-10
48,83,0.20529500034172088,28.07715500057384,21.85579199976928,3.5440560004644794,11.439490001066588,2.3242130009748507,4.5929265939366444e-09
48,84,0.22582100064028054,29.56377699956647,21.658013998603565,3.677906001030351,11.783670999648166,2.226566999524948,7.130307565679721e-10
48,85,0.22700000045006163,28.88843300024746,22.432166999351466,3.6976689989387523,11.254039000050398,2.2054419987398433,6.432335928509404e-10
48,86,0.19176599926140625,27.762556999732624,21.561867999480455,3.530297999532195,11.265215000094031,2.2728099993400974,2.138435988141514e-09
48,87,0.19278699983260594,27.719118999812054,21.64767800059053,3.460878999248962,11.402292000639136,2.21036000039021,2.1820335952528445e-09
48,88,0.24586899962741882,28.429360001609894,21.65038800012553,4.232383000271511,11.237815999265877,2.1739769999840064,4.467423488757271e-09
48,89,0.19475699991744477,27.717011000277125,32.70348900150566,9.117817999140243,29.84850300163089,4.4071239990444155,8.161500593349474e-10
48,90,0.20600099924195092,26.861799000471365,21.447698998599662,3.4481740003684536,11.422554000091623,2.1745829999417765,6.96113298543038e-10
48,91,0.18709799951466266,27.83627200005867,21.520198999496643,3.564125001503271,11.421342000176082,2.2390169997379417,2.613297303803364e-09
48,92,0.1864770001702709,27.71619200029818,21.65631800016854,3.4626969991222722,11.400295999919763,2.270515000418527,2.5449791927048814e-09
48,93,0.1903869997477159,27.191652001420152,21.445449001475936,3.6212009999871952,11.537452999618836,2.2681049995298963,1.3578671195189207e-08
48,94,0.2548479988035979,27.550430000701454,21.953878000203986,3.581627001040033,11.313506998703815,2.174508001189679,6.906585978035213e-10
48,95,0.19753800006583333,28.512524999314337,21.74601000115217,3.737634000572143,11.331949999657809,2.1625070003210567,1.9575763478171744e-09
48,96,0.19607199828897137,27.995620999718085,22.054433000448626,3.7179440005274955,11.515857000631513,2.186307998272241,1.1930335171703025e-09
48,97,0.2554479997343151,27.830801998788957,21.399431001555058,3.540605999660329,11.448381999798585,2.2169040003063856,9.03829271862843e-10
48,98,0.2301420008734567,27.573595001740614,21.62463700005901,3.9068909991328837,11.653949999526958,2.257926000311272,1.4495700685393586e-09
48,99,0.22842399994260632,28.075539999917964,21.853626998563414,3.766591000385233,11.307687000225997,2.2357389989338117,6.124308028307322e-10
52,0,0.23234899890667293,27.915827000470017,21.99908399961714,4.125366000153008,12.070435001078295,2.2501180010294775,1.4154284534089032e-09
52,1,0.2595860005385475,27.119416999994428,22.266692998528015,3.6134089987172047,11.663392000627937,2.2599000003538094,4.8369980342668344e-09
52,2,0.21906600159127265,27.844967999044457,21.84099099940795,3.581705999749829,11.702301999321207,2.2762859989597928,9.327724119843977e-10
52,3,0.19902299936802592,27.473269999973127,21.776209998279228,3.7773040003230562,11.714208998455433,2.251910998893436,3.628592753197359e-09
52,4,0.22483599968836643,27.272183999230037,21.75015600005281,3.674769999634009,11.665868998534279,2.198321000832948,7.822695754635637e-10
52,5,0.20660600057453848,27.717225999367656,24.004774999411893,4.916568001135602,14.503829001114354,3.1396860013046535,1.0548873790786064e-09
52,6,0.2992350000567967,29.990500999701908,22.486238998681074,3.894755000146688,12.164829999164795,2.315440000529634,1.0024841540891687e-09
52,7,0.20129500080656726,27.85230300105468,21.793734998936998,4.214918999423389,11.420377999456832,2.241348000097787,2.208545981975522e-09
52,8,0.19871299991791602,28.90913100054604,21.7224529988016,3.6994559995946474,11.627562000285252,2.3213789991132217,7.973431943794841e-10
52,9,0.21220199960225727,27.016288000595523,21.422142001028988,3.4868269995058654,11.195050999958767,2.1663860006810864,6.100879352411297e-10
52,10,0.1819219996832544,27.406770999732544,21.9124040013412,3.5628909990919055,11.422517000028165,2.2798949994466966,2.340647723699078e-09
52,11,0.19024900029762648,27.25679300056072,21.757800001068972,3.5812229998555267,11.267531001067255,2.17624499964586,6.905345805537251e-10
52,12,0.19096899995929562,27.073731000200496,21.856064999155933,3.660336000393727,11.350736998792854,2.345123999475618,9.802602466698651e-10
52,13,0.21196200032136403,27.289192999887746,21.817840000949218,5.941546998656122,11.960982999880798,2.2437249990616692,1.3303960870468697e-09
52,14,0.22529199850396253,27.840332999403472,21.87113099898852,3.5221369998907903,11.44906699846615,2.3209369992400752,8.067438617445509e-10
52,15,0.22544000057678204,27.100183000584366,21.994349001033697,3.5694060006790096,11.405942999772378,2.2713280013704207,6.548513120973769e-10
52,16,0.2010829994105734,27.421630000389996,21.746164000433055,3.540874999089283,11.620940000284463,2.2594670008402318,2.214154781574757e-09
52,17,0.193223999303882,27.94982900013565,21.630649998769513,3.5369310007808963,11.396981999496347,2.250704999823938,7.041883668851443e-10
52,18,0.19524300114426296,44.43007899863005,22.396291000404744,3.4577570004330482,11.246775000472553,2.218566000010469,8.621676440670674e-10
52,19,0.21460000061779283,27.8279800004384,21.553255000981153,3.56404800004384,11.813185999926645,2.3012609999568667,1.4996985257506621e-09
52,20,0.2728929994191276,27.111597000839538,21.54666400019778,3.452517999903648,11.320662999423803,2.1555300008913036,1.2522082906646477e-09
52,21,0.24817000121402089,27.57664700038731,21.41174700045667,3.497718000289751,11.356385000908631,2.214039999671513,4.002819468220632e-09
52,22,0.20333700012997724,27.719715999410255,21.641801000441774,3.5082199992757523,11.505944999953499,2.3787230002199067,7.119386048633406e-10
52,23,0.20228500034136232,27.916975001062383,21.476321999216452,3.4723999997368082,11.327473999699578,2.2005510018061614,2.898041409783925e-09
52,24,0.2266530009364942,27.801543999885325,21.289566000632476,3.4730860006675357,11.391551999622607,2.195930999732809,2.4585996697664474e-09
52,25,0.24079600007098634,27.43395600009535,38.321874000757816,5.7257879998360295,11.173707000125432,2.155332000256749,5.543252326018844e-10
52,26,0.1947780001501087,27.471963001516997,40.875717999369954,3.5546729995985515,11.69299899993348,2.43512599990936,2.400365685309024e-09
52,27,0.23972499911906198,29.506054999728804,22.10034899871971,4.02073699842731,11.52376599929994,2.252041000247118,5.525331157546683e-10
52,28,0.19591700038290583,27.973051999651943,21.616881000227295,3.706343999510864,11.549537999599124,2.3253829986060737,3.527165647171975e-09
52,29,0.21429799926409032,27.929085999858216,21.23466499870119,3.77596500038635,11.223304998566164,2.2475059995485935,6.488349385298765e-10
52,30,0.19620999955805019,44.460291999712354,22.296006998658413,3.69318299999577,12.26003899864736,2.7439290006441297,6.788279281442535e-10
52,31,0.3510550013743341,37.28177700031665,27.368772000045283,4.741875000036089,13.972996999655152,2.340071001526667,3.754370163413563e-09
52,32,0.1989899992622668,28.398700998877757,21.795504000692745,3.5507419997884426,11.397157999454066,2.171330999772181,8.46192425320812e-10
52,33,0.2258849999634549,27.947939999648952,21.190331999605405,3.486869998596376,11.329090999424807,2.150829001038801,5.415517877942581e-10
52,34,0.22792900017520878,28.98795300097845,32.91454200007138,8.846957000059774,12.174043000413803,2.1739570001955144,1.7888790690125659e-09
52,35,0.20158400002401322,27.3666859993682,40.18184599954111,3.831137000815943,11.681433001285768,2.24379700011923,4.954091063797496e-09
52,36,0.2024120003625285,27.946304999204585,22.180433999892557,3.659752999737975,11.744920999262831,2.2590749995288206,6.533771737233013e-09
52,37,0.20134700025664642,27.984536000076332,22.026335000191466,3.6667339991254266,12.06288399953337,2.288821000547614,6.992505288932095e-10
52,38,0.2233100003650179,28.09750500091468,22.40240600076504,3.61678499939444,11.790055999881588,2.265115001137019,5.615572560029037e-10
52,39,0.19527099902916234,27.860195999892312,22.032932000001892,3.8848870008223457,11.668449000353576,2.261024001199985,7.669826482835103e-10
52,40,0.24850600129866507,27.90745499987679,22.041287000320153,3.5845689999405295,11.728515999493538,2.306804000909324,6.4141324122925735e-09
52,41,0.24197099992306903,27.843792999192374,22.187023001606576,3.6215629988873843,11.755150999306352,2.2556730000360403,1.3123790026253865e-09
52,42,0.20210900038364343,29.48066099997959,21.746004998931312,3.6265250000724336,11.374230998626444,2.1603749992209487,4.207703394056254e-09
52,43,0.20490899987635203,28.135104001194122,22.082367999246344,3.7787979999848176,11.320014000375522,2.166514999771607,1.5862918127278004e-09
52,44,0.5445429997052997,47.40814499928092,21.881990000110818,3.7519979996432085,11.764470998969045,2.2294670015980955,2.0070090236845336e-09
52,45,0.20442700042622164,28.02158399936161,21.60728399940126,3.721432000020286,11.515042999235447,2.2674009996990208,1.186676089474847e-09
52,46,0.1970630000869278,28.99583900034486,21.34705300159112,3.6304250006651273,11.322599999402883,2.1532430000661407,9.944530365282203e-10
52,47,0.20168000082776416,27.325750999807497,40.629047000038554,3.456657999777235,11.232439001105377,2.1938889985904098,1.472169796052748e-09
52,48,0.5153209986019647,38.573096000618534,21.512274999622605,3.4699099996942095,11.830859000838245,2.179994000471197,2.4021983981006954e-09
52,49,0.4484879991650814,29.62802700130851,21.624848999636015,3.6092540012759855,11.369509000360267,2.2295039998425636,9.77927475519977e-10
52,50,0.19571300072129816,27.425557000242407,21.64243399965926,4.334626999479951,11.482752999654622,2.190147999499459,7.954931715316291e-10
52,51,0.20166899957985152,27.774103000410832,21.417664000182413,3.672858001664281,11.114773000372224,2.1608409988402855,1.6774193404575857e-09
52,52,0.19893900025635958,26.668069000152173,21.655242999258917,3.6577929986378876,14.30162400174595,5.634054999973159,7.210223621513086e-10
52,53,0.2060189999610884,36.90574099891819,33.68378200138977,3.888093000568915,13.442669000141905,5.328511999323382,2.896728085069412e-09
52,54,0.2831250003509922,33.40818699871306,27.88321700063534,3.679963001559372,11.427580000599846,2.3848309992899885,2.824634829150762e-09
52,55,0.32465399999637157,28.27195400095661,21.79488100046001,3.562109000995406,11.475582999992184,2.2516610006277915,1.5169122142935749e-09
52,56,0.19629000053100754,27.218576000450412,22.37550099926011,3.4667210002226057,11.36158000008436,2.2109829988039564,1.6633337163755666e-09
52,57,0.19282500034023542,33.733095000570756,34.16026000013517,3.486673998850165,11.27593999990495,2.2396860003937036,1.5530207234734004e-09
52,58,0.1984449991141446,30.69591399980709,23.924617000375292,3.7155809986870736,11.492964000353822,2.266495999720064,6.563796185599788e-09
52,59,0.24346499958483037,27.608764999968116,23.00618499975826,4.134459999477258,12.409606999426614,2.371856999161537,5.691117107672008e-10
52,60,0.2462840002408484,34.82926500146277,33.117240000137826,3.4857270002248697,11.18244200006302,2.21361400144815,3.803589012998728e-09
52,61,0.2236399996036198,27.19711899953836,21.58186199994816,3.5609970000223257,11.22014499924262,2.3905640009616036,2.3516984501116044e-09
52,62,0.22210099996300414,27.96909999960917,22.287667999989935,3.476309999314253,11.437224999099271,2.204730999437743,2.1053916384064826e-09
52,63,0.19478300055197906,27.76403400093841,21.21154700034822,3.6176190005789977,11.555540000699693,2.244238999992376,2.5115242163296034e-09
52,64,0.1949300003616372,27.55553899987717,21.482992999153794,3.4440409999660915,11.452754000856658,2.1785549997730413,1.3417828234175844e-09
52,65,0.21431300046970136,27.879033999852254,21.58146100009617,3.579467998861219,11.631782001131796,2.274807999128825,9.285179087701822e-10
52,66,0.2249629997095326,28.750987999956124,21.542679000049247,3.5740919993259013,11.477381000077003,2.2318479987006867,3.1170287133351796e-09
52,67,0.19541100118658505,27.58159000040905,21.526426999116666,3.7615649998770095,11.377471999367117,2.2238959991227603,1.690513047606677e-09
52,68,0.216100999750779,27.932926999710617,22.345051000229432,3.640977000031853,11.858874999234104,2.307152000867063,3.5959625119521866e-09
52,69,0.24163700072676875,27.977127001577173,21.769449000203167,3.5654389994306257,11.511980001159827,2.245601999675273,1.7260376234109224e-09
52,70,0.2408359996479703,27.7451790007035,21.632501000567572,3.4870219988079043,11.426672999732546,2.1859629996470176,1.7468083103738656e-09
52,71,0.4953419993398711,27.81371300079627,21.602916000119876,3.6628010002459632,11.654849000478862,2.1763759996247245,6.222675531226519e-10
52,72,0.19877799968526233,28.18923800077755,21.938107000096352,3.5330790014995728,11.45396699939738,2.192473999457434,1.4465118304775118e-09
52,73,0.1968870001292089,28.133305000665132,21.699745000660187,3.4466159995645285,11.998338999546831,2.2217379992071074,5.091868619283924e-09
52,74,0.2107090003846679,31.32891200039012,37.43842699986999,3.4863490000134334,11.257981999733602,2.187273999879835,1.000665988056728e-09
52,75,0.2547799995227251,28.339970000160974,21.464633000505273,3.716557999723591,11.49219399849244,2.246919000754133,2.9650222263582393e-09
52,76,0.23221400078909937,28.31498599880433,21.821392998390365,3.6535650015139254,11.487843999930192,2.32599700029823,7.81381801347511e-10
52,77,0.19885199981217738,28.096940999603248,22.389429999748245,3.9083110004867194,13.511106999430922,5.2264200003264705,6.059482218498063e-10
52,78,0.1992739998968318,28.6787250006455,21.96351400016283,3.482186000837828,11.351674000252387,2.263865999339032,9.227405621447409e-10
52,79,0.19894299839506857,28.299338999204338,21.911321999141364,3.7358780009526527,11.579891999645042,2.2549339992110617,4.049415217915542e-09
52,80,0.2062740004475927,28.31651199994667,21.76606800094305,3.642186000433867,11.45117600026424,2.411157000096864,1.2069186260427482e-09
52,81,0.2050950006378116,40.586067998447106,27.888323000297532,3.5026359983021393,11.214718000701396,2.168243001506198,1.0982353293104478e-09
52,82,0.20845899962296244,27.541621999262134,21.60764700056461,3.6338949994387804,11.588563998884638,2.2073549989727326,9.701633394370522e-10
52,83,0.20272700021450873,28.747562000717153,21.711151999625145,3.6428380008146632,11.474925000584335,2.1786620000057155,3.852835648022381e-09
52,84,0.3403800001251511,45.3074729994114,21.30805600063468,3.5990470005344832,11.203156000192394,2.3330450003413716,1.426042989777407e-09
52,85,0.22546999935002532,27.4873230009689,22.433997999542044,3.6924989999533864,11.622577001617174,2.2901239990460454,4.796312793354228e-09
52,86,0.32823400033521466,27.560844999243272,21.37245399899257,3.518782999890391,11.321534999297,2.177258000301663,7.16739953237316e-10
52,87,0.2558189989940729,27.465790999485762,21.693845999834593,3.5272679997433443,11.541857000338496,2.215041000454221,1.3825841727162156e-09
52,88,0.2622520005388651,28.212408999024774,21.52155299881997,4.022333001557854,11.689174001730862,2.254811999591766,2.052374181227683e-09
52,89,0.20634000065911096,28.76262899917492,21.687749000193435,3.537971000696416,11.245043999224436,2.1928900005150354,6.048954358500283e-10
52,90,0.19034499928238802,28.113910999309155,21.60407799965469,3.579385998818907,11.217785000553704,2.3511750005127396,7.579219337999424e-10
52,91,0.2434879988868488,28.872742001112783,21.719447999203112,3.4515839997766307,11.196924000614672,2.1770419989479706,1.4371076729574112e-09
52,92,0.19752399930439424,27.734074001273257,22.93247700072243,3.4908600009657675,11.60991200049466,2.2333540000545327,3.990710590528138e-09
52,93,0.19986000006610993,29.53257700028189,23.706875001153094,3.8633340009255335,11.930484000913566,2.3285030001716223,1.0945418210968263e-09
52,94,0.2578389994596364,28.348243999062106,21.97984499980521,3.625183000622201,11.573063999094302,2.310914000190678,1.727344471450403e-09
52,95,0.20686300013039727,32.51821999947424,24.04604599905724,4.2046520011354005,12.632518999453168,2.4481370001012692,1.8560030895997907e-09
52,96,0.20948999917891342,30.329786000947934,22.326058999169618,4.937858000630513,17.95166500050982,5.403134999141912,1.3227303036871635e-09
52,97,0.2023800007009413,27.253889000348863,21.987680998790893,3.724332000274444,11.421094000979792,2.153650999389356,6.5919211842483e-10
52,98,0.20132499957981054,28.097262998926453,21.613221000734484,3.5480979986459715,11.614935001489357,2.2565609997400315,1.570489255692998e-09
52,99,0.20121200032008346,27.532719001101214,21.18580200112774,3.489591001198278,12.245800000528106,2.2099050001997966,5.523913578703887e-09
56,0,0.20524200044746976,28.176486001029843,22.703362999891397,4.082841000126791,12.378200999592082,2.4429759996564826,1.425828253182582e-09
56,1,0.20885400044790003,28.526715001135017,22.430214999985765,4.105530000742874,11.687149000863428,2.2562100002687657,2.3867619351144336e-09
56,2,0.25691199880384374,28.738912000335404,22.52471299834724,3.6548089992720634,11.72963799945137,2.2316609993140446,5.463940928157905e-10
56,3,0.1934079991769977,28.2235380000202,23.2507219989202,3.9091340004233643,12.162451001131558,2.3806709996279096,1.056117481762256e-09
56,4,0.21832700076629408,32.85813500042423,23.454243999367463,5.044146999352961,13.711661000343156,3.162131999488338,1.4749234682627235e-09
56,5,0.24956400011433288,31.09188899907167,23.623712000699015,3.8546289997611893,12.095566000425606,2.368424999076524,1.2284270746457752e-09
56,6,0.21049499991931953,28.967288999410812,22.480438999991748,4.133034999540541,11.972394000622444,2.346413000850589,1.127244797832835e-09
56,7,0.22842100042907987,29.693920001591323,22.914705999937723,3.8745870006096084,12.079815000106464,2.345812999919872,9.415190223640975e-10
56,8,0.21717500021622982,28.56753900050535,23.190230998807237,3.9516950000688666,12.258402000952628,2.64245299877075,9.468234766975985e-10
56,9,0.22340599934977945,30.43695699852833,23.732985000606277,3.835112000160734,12.307381999562494,2.451375999953598,3.1358868545288364e-09
56,10,0.25013500089698937,28.924002001076587,22.776276999138645,3.6822990005020984,11.832242000309634,2.271634000862832,1.3238407778501394e-09
56,11,0.21250400095595978,28.491621998909977,22.42124800068268,3.7276189996191533,12.96235000154411,2.5185230006172787,5.945042814217173e-10
56,12,0.25284999901487026,28.94651399947179,21.80579800005944,3.697596999700181,11.646196000583586,2.210030999776791,2.350246754601682e-09
56,13,0.24106099954224192,28.68864499941992,24.787454000033904,3.687471000375808,12.462239001251874,2.4542749997635838,2.6330041052267384e-09
56,14,0.24475600002915598,33.3015960004559,24.224355000114883,4.869223001151113,13.935685999967973,2.553826001530979,1.0450932559849127e-09
56,15,0.2389880010014167,28.105241000957903,33.016551000400796,4.301138000300853,13.912450000134413,2.2502840001834556,6.503205301732012e-10
56,16,0.196099001186667,27.783140998508316,21.356273000492365,3.437904000747949,11.204636999536888,2.1936359989922494,2.175906982629376e-09
56,17,0.23972800045157783,28.22868300063419,21.883229999730247,3.5367330001463415,12.038872000630363,2.2870850007166155,8.665620564716208e-10
56,18,0.2179790008085547,28.499037000074168,22.208532000149717,4.028515000754851,11.847020999994129,2.2722289995726896,1.0510817687976784e-09
56,19,0.2037799986283062,26.912736999292974,21.50304499991762,3.4702119992289227,11.621178999121184,2.2624970006290823,1.2096703100542345e-09
56,20,0.24049300009210128,31.178461000308744,23.62961099970562,3.660521999336197,12.202714000522974,2.2971700000198325,1.340579496886695e-09
56,21,0.20515800133580342,28.890253999634297,22.093993000453338,3.679449000628665,11.440838999988046,2.3397690001729643,6.509206421583325e-10
56,22,0.20077400040463544,28.110223000112455,24.511817000529845,4.162207000263152,12.284143000215408,2.463413999066688,2.399059531017733e-09
56,23,0.2402219997748034,29.662423999980092,24.184572999729426,3.9511079994554166,12.264155000593746,2.6657610014808597,6.325582238800278e-10
56,24,0.21538300097745378,29.144915999495424,22.668389001410105,4.129654000280425,12.065876999258762,2.3004020004009362,1.1724877061797254e-09
56,25,0.20319300165283494,29.801938999298727,22.37508600046567,3.9333370004897006,12.020583999401424,2.732121000008192,7.137900035480896e-10
56,26,0.22240099860937335,30.348608999702265,23.877960000390885,3.7251200010359753,12.133349000578164,2.5181699984386796,2.302209054933275e-09
56,27,0.21747000027971808,30.631687001005048,23.10781300002418,3.937157000109437,12.292966999666533,2.781494000373641,8.862479876682254e-10
56,28,0.43302700032654684,38.07522500028426,22.56863699949463,3.9597060003870865,11.985581999397255,2.317382000910584,7.400158781707667e-10
56,29,0.2526520001993049,30.38754100089136,23.071424000590923,3.92239599932509,12.277824000193505,2.605313000458409,9.216250244759109e-10
56,30,0.2703520003706217,29.88271899994288,22.438936999606085,3.9470440005970886,12.388879000354791,2.446250000502914,1.9723542485536166e-09
56,31,0.3733830017154105,32.20585800045228,23.68761199977598,3.9394229988829466,12.561691999508184,2.467737000188208,5.383431315789905e-09
56,32,0.28029600071022287,30.519899999490008,23.248392999448697,3.8120159988466185,12.249059000168927,2.273123000122723,5.955435570169463e-10
56,33,0.20442100139916874,28.2009279999329,21.679968000171357,3.877199000271503,11.735902000509668,2.2737640010745963,1.325393732418382e-09
56,34,0.46421499973803293,52.68165699999372,21.461266000187607,3.5512729991751257,11.506996001116931,2.248892000352498,6.502721530197657e-10
56,35,0.21175199981371406,28.358879999359488,21.736431001045275,3.646494000349776,11.793538000347326,2.2695600000588456,1.3431230377663403e-09
56,36,0.20689700068032835,28.70160299971758,22.054909999496886,3.7229400004434865,15.360429999418557,2.265965000333381,7.526730713075246e-10
56,37,0.25925599948095623,28.585300000486313,22.366975999830174,3.8822550013719592,12.125578001359827,2.4104069998429623,1.3547956999778926e-09
56,38,0.2513150011509424,28.67391600011615,24.600755001301877,3.9480319992435398,12.207118999867816,2.590506999695208,9.624552789135846e-10
56,39,0.21661299979314208,29.131326999049634,23.130571000365308,4.249710998919909,12.185823001345852,2.5381180003023474,9.072263635398631e-10
56,40,0.2116880004905397,29.169637000450166,23.642037000172422,4.158702000495396,13.123845999871264,3.1010860002425034,9.92794313893211e-10
56,41,0.25560299945937004,32.50064300118538,23.338336999586318,3.7107209991518175,12.025157000607578,2.337431000341894,1.599905142401622e-09
56,42,0.19965400133514777,28.034229999320814,22.01927599890041,3.710093000336201,11.706937000781181,2.2734410013072193,1.836492092845356e-09
56,43,0.2052429990726523,29.13049499875342,21.536288999413955,3.5035300006711623,11.377288999938173,2.21079400034796,1.4825611746184467e-09
56,44,0.23707499894953799,28.884721999929752,22.554020999450586,3.7107690004631877,11.694184999214485,2.3299060012504924,5.170872594963391e-09
56,45,0.2186980000260519,28.423306999684428,22.58561800044845,3.9600229993084213,12.548284999866155,2.9827739999745972,7.95849188032457e-10
56,46,0.28812500022468157,33.18023300016648,23.747354998704395,3.8686459993186872,13.396427000770927,2.3556790001748595,6.495758172419774e-10
56,47,0.23084599888534285,28.632494999328628,22.943129000850604,3.935286998967058,12.3592110012396,2.4937929993029684,9.149598967588229e-10
56,48,0.22386799901141785,31.247143000655342,24.80987299895787,3.8064469990786165,13.194490999012487,2.4009010012377985,3.49410247626952e-09
56,49,0.2035489997069817,28.511140000773594,22.92051099902892,3.821643000264885,12.138222000430687,2.4221870007750113,5.696390523454028e-10
56,50,0.22679700123262592,29.24346600048011,23.66177899966715,3.8962679991527693,12.621346999367233,2.3793749987817137,3.891186159063239e-09
56,51,0.21872099932807032,29.40576000037254,23.55557899863925,3.702560999954585,13.477433998559718,2.4250609985756455,3.906018195346567e-09
56,52,0.21879799896851182,33.86719999980414,33.23452799850202,4.176641999947606,13.660656999491039,2.2494959994219244,2.4101705915691952e-09
56,53,0.21440399905259255,27.00520800135564,21.203922000495368,3.575052000087453,11.280267000984168,2.1986700012348592,7.828542239292095e-10
56,54,0.22933100080990698,28.108939999583527,22.1506390007562,3.6105109993513906,11.630248000074062,2.2562459998880513,8.865037111135672e-10
56,55,0.20407199917826802,29.100689998813323,22.1407619992533,3.6522439986583777,11.556905999896117,2.3076479992596433,1.681179375786982e-09
56,56,0.263763000475592,28.608531998543185,22.398028999305097,3.797901999860187,11.970285999268526,2.3546129996248055,1.2680985869859242e-09
56,57,0.2145039998140419,27.616408999165287,39.93133999938436,3.6694469999929424,11.845723998703761,2.2403279999707593,8.06907588112233e-09
56,58,0.24603800011391286,28.29778999875998,27.762600000642124,11.17535699995642,18.019948000073782,2.460506000716123,8.746754685622396e-10
56,59,0.23897899882285856,27.728671999284416,22.497161999126547,4.406381000080728,12.640246999580995,2.290169000843889,7.550360314476951e-10
56,60,0.19790899932559114,28.012565000608447,34.683432000747416,7.617716999448021,11.273635000179638,2.1810220005136216,1.7202126660348236e-09
56,61,0.20306099941080902,29.342171999815037,23.084968999683042,3.5603239994088653,11.603085000388091,2.2071220009820536,6.965466334425716e-10
56,62,0.20659899928432424,28.16658899973845,22.046826999940095,3.7123729998711497,11.51052099885419,2.341553001315333,6.817556130724357e-09
56,63,0.19633699957921635,27.583815000980394,22.168052000779426,3.5204790001444053,11.487679999845568,2.2402470003726194,7.641902383713504e-10
56,64,0.19879700084857177,39.28721199918073,49.36241500035976,3.6190369992255,11.678142000164371,2.2659280002699234,8.246677207112044e-10
56,65,0.20546999985526782,28.11649499926716,21.552329000769532,3.567367000869126,11.487831001431914,2.3164270005509024,2.1192467830083403e-09
56,66,0.2234129988210043,27.843892999953823,22.706171999743674,3.9688469987595454,12.197337999168667,2.372140999796102,5.670107649631506e-10
56,67,0.20638999922084622,28.12787000038952,21.754785999291926,3.5539780001272447,11.831697000161512,2.2627380003541475,6.814209286087506e-10
56,68,0.21326500063878484,28.29026099971088,21.76968400090118,3.724059999512974,11.963109000134864,2.284718999362667,7.271953644803641e-10
56,69,0.21971200112602673,28.167660999315558,21.922988998994697,4.396270000142977,12.124540000513662,2.39260899979854,5.268673872116118e-09
56,70,0.24003900034585968,29.391998999926727,21.649663998687174,3.616381000028923,11.428365000028862,2.232647999335313,1.0325193868967104e-09
56,71,0.2967809996334836,26.460524000867736,21.707903999413247,3.702709000208415,11.48968499910552,2.257578000353533,5.671309414701844e-10
56,72,0.23103599960450083,46.84043700035545,21.663993999027298,3.7697990010201465,11.600919999182224,2.32361599955766,7.015115290156211e-10
56,73,0.19586099915613886,27.89845499864896,21.385312000347767,3.5466460012685275,11.84341000043787,2.77289100085909,3.1711884223177866e-09
56,74,0.20775600023625884,27.801328000350622,22.485683000923018,3.7448519997269614,11.95315400036634,2.297920998898917,8.403772818456203e-10
56,75,0.23445999977411702,30.842205000226386,21.87309700093465,3.575175000150921,11.49568700020609,4.814773999896715,1.249964884098788e-09
56,76,0.2727649989537895,27.716882999811787,22.24557799854665,3.7645470001734793,12.329825000051642,2.3316229999181814,3.4101596673781643e-09
56,77,0.20713599951704964,29.256222000185517,21.76223199967353,3.7225300002319273,11.993662999884691,2.2872610006743344,7.430379318746532e-10
56,78,0.28824599939980544,28.189778999148984,22.530437001478276,5.3564219997497275,11.762763000660925,2.4264929998025764,1.6547123563548567e-09
56,79,0.20770599985553417,28.017134000037913,21.783489000881673,3.4928789991681697,11.27943299979961,2.2170119991642423,1.243802166425943e-09
56,80,0.19922000137739815,27.699840000423137,21.74182499948074,3.7043440006527817,11.923025000214693,2.333431999431923,8.151706961109216e-10
56,81,0.20334100008767564,28.28250699894852,22.21695100161014,4.161947999818949,11.613502998443437,2.244595998490695,9.411325155413272e-10
56,82,0.2351259990973631,29.59376000035263,21.839446999365464,4.120851999687147,13.593542000307934,5.805743001474184,1.2518748774317826e-09
56,83,0.23492800028179772,33.31311699912476,23.11612900120963,3.8997409992589382,12.182505000964738,2.464038001562585,1.6933904432233483e-09
56,84,0.2894239987654146,29.327446000024793,23.81682699888188,4.128099999434198,12.343452001005062,2.358677000302123,1.8750037401580808e-09
56,85,0.2618290000100387,30.354029999216436,23.8752180011943,4.1706230003910605,12.370045000352548,2.3486649988626596,9.992539448397854e-10
56,86,0.20490299903030973,29.798081999615533,23.39622299950861,4.001810999398003,12.538388000393752,2.920283001003554,3.536939642862335e-09
56,87,0.20898799994029105,29.940584001451498,23.390428001221153,3.857173000142211,12.217768000482465,2.272383000672562,7.909618507212735e-10
56,88,0.24539200057915878,30.17828600059147,23.035182999592507,4.075034001289168,12.224799000250641,2.3898599993117386,1.7926737790560687e-09
56,89,0.2062150015262887,29.754409999441123,23.043006000079913,3.698832999361912,11.802367998825503,2.5900909986376064,1.1157279396363993e-09
56,90,0.24415699954261072,28.159372999652987,22.28871099941898,4.138095999223879,11.851442999613937,2.2850529985589674,9.399539574000488e-10
56,91,0.21166700025787577,29.613282000354957,42.69026500151085,4.112947999601602,11.642186998869875,2.3034129990264773,6.0004949883517995e-09
56,92,0.2767979985947022,28.69544299937843,23.785793000570266,3.8688789991283556,12.603617000422673,2.6802529991982738,1.0197192768047493e-09
56,93,0.25491800079180393,29.669903000467457,22.588513000300736,4.029523999633966,11.675617999571841,2.3333329991146456,1.3217244991100476e-09
56,94,0.19754499953705817,28.687361998890992,22.19703000082518,3.6197760000504786,11.780217000705306,2.3174759990070015,3.6527980438779683e-09
56,95,0.19948400040448178,28.717331000734703,22.307268000076874,4.00450499910221,11.91567099886015,2.376295000431128,1.3878026569609895e-09
56,96,0.23771000087435823,28.634124000745942,22.088595000241185,3.7853730009373976,11.755487999835168,2.3592350007675122,7.169646834259825e-10
56,97,0.20833099915762432,48.72363499998755,25.94956799839565,4.001662999144173,12.021266998999636,2.453635001074872,1.780373082830557e-09
56,98,0.2694550003070617,28.70677600003546,23.037209999529296,3.6758109999937005,11.559904998648562,2.2689519992127316,9.395643591059877e-10
56,99,0.20629199934774078,29.142460000002757,28.15435999946203,4.449681000551209,12.519214000349166,2.424475000225357,3.393444718787702e-09
60,0,0.2462840002408484,29.138595000404166,23.46670999941125,4.311872999096522,12.725495998893166,2.4086969988275087,8.875119405053717e-10
60,1,0.28084500081604347,27.77292300015688,22.661217000859324,3.527209999447223,11.333619000652106,2.213488000052166,1.1120269755331917e-09
60,2,0.20266300089133438,28.012525999656646,21.704697999666678,3.479526998489746,11.409703000026639,2.1897119986533653,1.2952276412821065e-09
60,3,0.1918479993037181,28.222768998602987,21.49531100076274,3.791551000176696,11.337427000398748,2.1971959995426005,7.433731102583015e-10
60,4,0.4027979994134512,39.9996550004289,21.376835999035393,3.8231620001170086,11.674280000079307,2.385173000220675,1.0432253854816943e-09
60,5,0.22289900152827613,27.9023450002569,21.936123999694246,3.56760699833103,11.45323200034909,2.2036020000086864,1.1969116095664383e-09
60,6,0.20247599968570285,32.80692000043928,36.03681200002029,3.5561639997467864,11.203764001038508,2.228899998954148,9.20460435110759e-10
60,7,0.2746980007941602,28.66574800100352,22.162283999932697,3.697449999890523,11.829948000013246,2.3085029988578754,6.57868609333061e-10
60,8,0.4475530004128814,33.73426500002097,21.97002999855613,3.50821900065057,12.073249001332442,2.256566000141902,1.53954064457945e-09
60,9,0.20426300034159794,29.656247999810148,22.253778000958846,3.6573849993146723,11.450226998931612,2.307529999598046,5.749765531885641e-10
60,10,0.23675199918216094,28.376484999171225,22.150200999021763,3.5499080004228745,11.79008999861253,2.3483450004277984,6.555667860864183e-10
60,11,0.24650199884490576,27.884758999789483,21.32562399856397,3.6814459999732208,11.343194999426487,2.18220899841981,1.2582048378348263e-09
60,12,0.23073199918144383,27.92071900148585,22.663760999421356,3.959585999837145,11.98755999939749,2.3065679997671396,9.981864773517e-10
60,13,0.22419999913836364,28.311410000242176,22.16843099995458,3.5862840013578534,11.60238800002844,2.236123000329826,5.265087288882229e-09
60,14,0.2001510001718998,28.879894998681266,23.51716100019985,3.793275998759782,12.12370900066162,2.3245089996635215,8.733773714214403e-10
60,15,0.21476599977177102,29.006038999796147,22.732181998435408,3.8403290000132984,12.280027000088012,2.321169000424561,5.539310330911794e-10
60,16,0.24275500072690193,28.12537000136217,22.803691999797593,3.719964000993059,11.953556999287684,2.3506959987571463,2.4171040493079438e-09
60,17,0.20595100068021566,28.16694600005576,21.75403900037054,3.593336999983876,11.729874000593554,2.20304999857035,5.286484981023322e-10
60,18,0.20379899979161564,29.38949500094168,21.75940599954629,3.6033249998581596,11.18456999938644,2.190557999711018,1.3715995623253612e-09
60,19,0.2357989997108234,28.437156001018593,21.820033000039984,3.5388819997024257,11.49247600005765,2.277004001371097,7.616635509506654e-09
60,20,0.2195389988628449,29.402628000752884,21.694724000553833,3.6321349998615915,11.80957599899557,2.299551999385585,8.450525613558908e-10
60,21,0.23098800011212006,28.180135999718914,21.94623600007617,3.659844000139856,11.497786001200438,2.4107770004775375,9.790844956430675e-10
60,22,0.2181330000894377,28.294297999309492,22.51174000048195,3.826213000138523,12.464229999750387,2.6080330007971497,2.9961810509358356e-09
60,23,0.23689599947829265,29.493260000890587,22.674145999189932,3.9049620008881902,11.964228999204352,2.5301750010839896,2.4076008393615864e-09
60,24,0.2512060000299243,29.213862999313278,22.4041279998346,3.6285170008341083,11.545842000487028,2.2429930013458943,8.307162799068879e-10
60,25,0.2452849985274952,28.6001380009111,25.3417290005018,5.1383029986027395,13.735660999373067,2.5696840002638055,1.4750844284779578e-09
60,26,0.2091470014420338,29.235629001050256,22.515606999149895,3.6375419986143243,11.566876999495435,2.247349000754184,7.10595079113489e-10
60,27,0.2651550003065495,28.391272000590106,23.7143920003291,3.6118690004514065,11.42326799890725,2.2653239993815077,9.991094336944085e-10
60,28,0.2273539994348539,27.50542499961739,21.59601299899805,3.685952999148867,11.642650999419857,2.2326079997583292,2.862590962974185e-09
60,29,0.20271699941076804,28.181858999232645,21.74886700049683,3.509816000587307,11.70758999978716,2.2518080004374497,1.5960684377932835e-09
60,30,0.19818699911411386,27.380778999940958,22.15168800103129,3.6170269995636772,11.77976500002842,2.298616000189213,2.339753595556455e-09
60,31,0.21218500114628114,28.92034400065313,22.653052999885404,3.6763330008398043,11.50602200141293,2.398575999905006,8.641993205888989e-10
60,32,0.2330169991182629,27.99014599986549,22.01643599983072,3.52584900065267,11.58999200015387,2.244576999146375,5.554806476566884e-10
60,33,0.19513100050971843,28.987540999878547,22.1353420001833,3.683757000544574,11.991913999736425,2.3690369998803362,1.4916874628583196e-09
60,34,0.21148399900994264,29.184052000346128,22.316133999993326,3.760523999517318,11.995221000688616,2.290820999405696,8.778286859839914e-10
60,35,0.20582700017257594,28.152853999927174,22.650159000477288,3.6257689989724895,11.817184999017627,2.2862549994897563,7.439053202233688e-10
60,36,0.22779000028094742,32.43018600005598,25.583737000488327,4.935504000968649,15.419412999108317,3.3012010007951176,2.2777245444405585e-09
60,37,0.287519998892094,28.093225999327842,22.712206999131013,3.837058999124565,11.547125001015957,2.2066229994379682,7.242943807054745e-10
60,38,0.20580700038408395,28.570776999913505,21.646242999850074,3.6033659998793155,11.64601200071047,2.402781999990111,7.897337201289852e-10
60,39,0.20269499873393215,29.193102000135696,22.811556000306155,3.7748480008303886,12.005018999843742,2.313771999979508,8.454077385934364e-10
60,40,0.20918800146318972,28.8395080006012,22.8850789990247,3.8536499996553175,11.900039000465767,2.38720800007286,6.308234030002216e-10
60,41,0.20702199981315061,28.749396000421257,22.02720100103761,4.452107999895816,12.19155699982366,2.2906429985596333,6.89739678921088e-10
60,42,0.25991499933297746,28.293995001149597,23.53139899969392,3.837074000330176,12.046091000229353,2.419063999695936,9.001562359369123e-10
60,43,0.29000500035181176,28.014539999276167,22.918871998626855,3.8554470011149533,13.590981001470936,3.517810999255744,7.596846342199406e-10
60,44,0.20167200091236737,28.434714999093558,23.04033299878938,3.7369239998952253,11.749336001230404,2.2272010010055965,6.800964546575563e-10
60,45,0.23347600108536426,28.38745200097037,22.083161000409746,3.8293050001811935,11.982521000390989,2.2772599986637942,1.1598269592015288e-09
60,46,0.2071819999400759,31.025657001009677,23.705568999503157,3.8141090008139145,12.364182999590412,2.4205820009228773,6.237483258415259e-10
60,47,0.5288640004437184,31.95064100145828,24.297152000144706,3.7968060005368898,13.459566000165069,2.472731999660027,6.440912715255697e-10
60,48,0.21015299898863304,36.14081100022304,29.301480999492924,3.9126249994296813,12.023466999380616,2.658639001310803,2.5568952550329724e-09
60,49,0.30054699891479686,34.838659999877564,22.4193859994557,3.61591200089606,11.61008799863339,2.308794999407837,7.938844090727801e-10
60,50,0.20540600053209346,29.044785000223783,22.438800000600168,3.735102998689399,11.607378000917379,2.2520040001836605,3.83327320310659e-09
60,51,0.19804499970632605,28.23257100135379,22.24790599939297,3.690129000460729,11.824793999039684,2.431598999464768,7.983264732558523e-10
60,52,0.2438829997117864,29.72180100005062,21.50874200015096,3.621383999416139,11.55429299979005,2.357867000682745,1.4601560225180415e-09
60,53,0.20849999964411836,29.852347000996815,22.280830999079626,3.6459889997786377,11.355766999258776,2.2250230013014516,1.6885405560007187e-09
60,54,0.23375199998554308,28.328714999588556,21.390287000031094,3.454435000094236,11.37007800025458,2.217760998973972,6.684154425693775e-10
60,55,0.21705400104110595,27.667069998642546,21.696781999708037,3.5641649992612656,11.722377999831224,2.2637300007772865,1.7252940594204889e-09
60,56,0.23895699996501207,29.70003100017493,22.249173998716287,3.546982999978354,11.555994000445935,2.3236409997480223,2.719955148957638e-09
60,57,0.2044789998763008,27.88693900038197,21.95722900069086,3.6894660006510094,12.440712000170606,2.3497130005125655,1.3159672123056166e-09
60,58,0.2039560004050145,29.133554999134503,21.71195600021747,3.5960629993496696,11.850502000015695,2.490356999260257,1.0618513124371916e-09
60,59,0.2319350005564047,28.458255999794346,22.590470000068308,4.150863000177196,12.23894100075995,2.230373000202235,1.0924400337070444e-09
60,60,0.2244000006612623,28.832553000029293,21.786734001580044,3.565607001291937,11.656792999929166,2.2853860009490745,1.6858219398069305e-09
60,61,0.20655200023611542,27.57938600007037,21.824557001309586,3.7123519996384857,11.811305999799515,2.3950060003699036,8.691835834523095e-10
60,62,0.2367489996686345,29.49288400122896,21.914666998782195,3.4534989990788745,11.397468999348348,2.185482000641059,1.4640222721287587e-09
60,63,0.21853300131624565,27.880604999154457,21.999917000357527,3.470325000307639,11.681541000143625,2.2289530006673886,2.865249174486124e-09
60,64,0.20382299953780603,28.37551500124391,21.85425500101701,3.4978160001628567,28.386265001245192,3.89110099968093,6.876479090698887e-10
60,65,0.19442399934632704,27.130627000587992,21.368813000663067,3.5645489988382906,11.718353000105708,2.276373999848147,8.955356949118448e-10
60,66,0.2658339999470627,39.40606200012553,27.703947998816147,3.567704001397942,11.220698999750311,2.2917809983482584,1.5722518518531424e-09
60,67,0.23304599926632363,27.5648180013377,21.68836199962243,3.5642350012494717,11.414833999879193,2.1925159999227617,1.3483615700006827e-09
60,68,0.1966700001503341,28.28705899992201,22.965940001085983,3.7624409997079056,12.63185700008762,2.3554419985885033,2.5249484161152414e-09
60,69,0.2420900000288384,28.07493700129271,21.422085001177038,3.5764670010394184,11.942113000259269,2.809781999530969,1.2243170913482747e-09
60,70,0.2584930007287767,29.0111699996487,22.006066999892937,3.5667560005094856,11.45635300053982,2.2522729996126145,1.3286854518176631e-09
60,71,0.20358400070108473,26.88075699916226,22.50029300012102,4.569964999973308,11.773106998589355,2.368991999901482,2.1289643918520615e-09
60,72,0.32476299929840025,28.539390999867464,22.43658299994422,4.625791998478235,14.130026998827816,3.0735629989067093,8.23816517755892e-10
60,73,0.22881700169818942,35.30399899864278,26.78916800141451,4.7457540003961185,13.32064099915442,2.345208999031456,2.169649441035235e-09
60,74,0.23088899979484268,29.241234999062726,24.227683001299738,3.6816860010731034,11.525685000378871,2.2779069986427203,9.855534325855496e-10
60,75,0.36692700086859986,29.176136000387487,22.03841799928341,3.614364999521058,11.78431700100191,2.5819719994615298,6.093551577851106e-10
60,76,0.22123600138002075,29.161897000449244,21.31758500036085,3.50150099984603,11.562455998500809,2.3520899994764477,1.5406166032745605e-09
60,77,0.21521800044865813,29.264193000926753,22.89052400010405,3.7316720008675475,11.89348399930168,2.304360999914934,1.6190585024831395e-09
60,78,0.2675220002856804,28.177013000458828,21.668150000550668,3.483058999336208,11.331938998409896,2.231942000435083,1.857580837531548e-09
60,79,0.2548239990574075,28.642707999097183,46.39191999922332,10.436189000756713,17.72328200058837,2.2069999995437684,1.0045513905001694e-09
60,80,0.20057900110259652,27.863178000188782,22.00979999906849,3.480056000626064,11.792437000622158,2.3285229999601142,2.07716484728783e-09
60,81,0.28170400037197396,27.70766599860508,21.461970000018482,3.678002998640295,11.242219999985537,2.2833889997855294,7.098257434288084e-10
60,82,0.2572049997979775,29.86695400068129,22.40739700027916,3.6340460010251263,11.709833999702823,2.280815999256447,9.71399064668788e-10
60,83,0.23707599939370994,27.655166000840836,21.93996200003312,3.7689760010835016,11.262592001003213,2.172009999412694,6.583030850682621e-10
60,84,0.24251400100183673,28.923184998348006,22.43423999971128,3.9509409998572664,11.654096000711434,2.4091310006042477,1.0626443917515116e-09
60,85,0.2353710005991161,44.63251200104423,22.82965099948342,3.916726998795639,11.98785099950328,2.3277000000234693,6.178817101459825e-10
60,86,0.2369660014664987,28.01927000109572,21.539752999160555,3.5622310006147018,11.255751998760388,2.195185001255595,1.7200111666867514e-09
60,87,0.2732379998633405,28.021303998684743,21.63834499879158,3.569503000107943,11.679316001391271,2.2150700006022817,4.297735716235166e-09
60,88,0.26492500001040753,28.694306000033976,22.096430000601686,3.570319000573363,11.603459999605548,2.3965590007719584,5.298077295098807e-10
60,89,0.22940400049265008,28.27313099987805,21.20621299945924,3.4915470005216775,11.308334000204923,2.213641999333049,2.9105380133235614e-09
60,90,0.19692299974849448,28.46772799966857,21.789866001199698,4.031844000564888,11.640893999356194,2.3694730007264297,2.466060899887707e-09
60,91,0.2089240006171167,28.48017299947969,22.20724499966309,3.5651239995786455,11.358223999195616,2.2401829992304556,2.4600566393846804e-09
60,92,0.239913999394048,27.824192999105435,24.807257001157268,4.0604389996588,11.846270999740227,2.3067040001478745,6.265632631951646e-10
60,93,0.22853600057715084,28.06920100010757,22.514184000101523,3.572609999537235,11.468970998976147,2.2596159997192444,2.343727207403072e-09
60,94,0.20427199888217729,28.38478500052588,21.662441000444232,3.5637170003610663,11.386713998945197,2.2136679999675835,1.8631127016466054e-09
60,95,0.25883700072881766,28.196844999911264,22.07287099918176,3.574755999579793,11.659457999485312,2.2450750002462883,5.993616470175645e-10
60,96,0.22406800053431652,27.732415999707882,21.583534999081166,3.675623998788069,11.260310999205103,2.272182000524481,3.1393155674729494e-09
60,97,0.2062010007648496,28.758029999153223,22.37890200012771,3.5617339999589603,11.949704001381178,2.287571998749627,1.9441793331595085e-09
60,98,0.20787700123037212,27.924914998948225,22.470457000963506,3.697010999530903,11.484683000162477,2.3233840001921635,6.641289888983136e-10
60,99,0.3131080011371523,30.519105999701424,21.596635000605602,3.472426998996525,11.429590000261669,2.174941999328439,5.693084850009903e-10
